Age,Attrition,DistanceFromHome,Bachelor,EnvironmentSatisfaction,Female,JobInvolvement,JobSatisfaction,Married,MonthlyIncome,NumCompaniesWorked,NumComOverAge,SalaryHike,PerformanceRating,RelationshipSatisfaction,StockOptionLevel,TrainingTimesLastYear,WorkLifeBalance,YearsAtCompany,YearsSinceLastPromotion
41,1,1,0,2,1,3,4,0,5993,8,0.22,0.11,3,1,0,0,1,6,0
33,0,3,1,4,1,3,3,1,2909,1,0.06,0.11,3,3,0,3,3,8,3
59,0,3,1,3,1,4,1,1,2670,4,0.08,0.20,4,1,3,3,2,1,0
29,0,15,0,4,1,2,3,0,4193,0,0.03,0.12,3,4,0,3,3,9,0
29,0,21,1,2,1,4,1,0,9980,1,0.07,0.11,3,3,1,1,3,10,8
53,0,2,1,1,1,2,4,1,15427,2,0.06,0.16,3,3,0,3,3,25,3
24,0,11,0,1,1,4,3,0,4011,0,0.04,0.18,3,4,1,5,2,4,1
34,0,7,1,1,1,3,2,0,11994,0,0.03,0.11,3,3,0,4,3,12,2
53,0,5,1,3,1,3,3,0,19094,4,0.09,0.11,3,4,1,3,2,14,4
32,1,16,0,2,1,1,1,0,3919,1,0.06,0.22,4,2,0,5,3,10,6
44,0,7,1,1,1,2,4,1,10248,3,0.09,0.14,3,4,1,4,3,22,5
46,0,2,1,2,1,3,1,0,18947,3,0.09,0.12,3,4,0,2,2,2,2
43,0,2,0,4,1,4,3,0,2645,1,0.05,0.12,3,4,2,3,2,5,1
35,0,2,1,4,1,3,4,1,2014,1,0.06,0.13,3,1,0,3,3,2,2
36,0,5,1,2,1,2,1,1,3419,9,0.28,0.14,3,4,1,3,4,1,0
33,0,1,1,3,1,4,1,1,5376,2,0.09,0.19,3,1,2,3,3,5,1
27,0,2,1,4,1,3,1,0,2341,1,0.07,0.13,3,4,1,6,3,1,0
30,0,1,0,3,1,3,4,0,4011,1,0.07,0.23,4,4,0,2,3,12,3
41,1,12,1,2,1,3,3,1,19545,1,0.05,0.12,3,4,0,0,3,22,15
44,0,1,1,2,1,3,1,0,5454,5,0.14,0.21,4,3,1,2,2,4,1
26,0,23,1,3,1,2,4,1,4157,7,0.31,0.19,3,3,1,2,2,2,0
33,0,1,0,1,1,3,4,0,13458,1,0.06,0.12,3,3,0,1,3,15,8
35,0,23,1,3,1,3,1,1,4014,3,0.11,0.15,3,3,1,3,3,2,2
38,0,29,1,4,1,3,4,0,2406,1,0.05,0.11,3,4,0,2,3,10,9
50,0,7,0,2,1,2,3,0,18740,5,0.12,0.12,3,4,1,2,2,27,13
59,0,25,1,1,1,3,1,0,7637,7,0.14,0.11,3,4,0,3,2,21,7
36,0,8,1,3,1,3,3,0,10096,1,0.06,0.13,3,2,3,2,3,17,12
55,0,8,1,4,1,3,3,0,14756,2,0.05,0.14,3,3,3,2,3,5,0
59,0,1,0,1,1,2,3,0,5473,7,0.14,0.11,3,4,0,2,2,4,1
36,0,6,1,2,1,4,4,1,3038,3,0.11,0.12,3,2,0,3,3,1,0
31,0,8,1,3,1,3,4,0,4424,1,0.06,0.23,4,4,0,2,3,11,1
38,0,6,1,2,1,1,4,0,5329,7,0.21,0.12,3,4,3,3,3,13,1
30,0,4,0,3,1,2,2,0,5209,1,0.07,0.12,3,2,3,4,2,11,2
54,0,2,1,1,1,3,3,1,13549,9,0.19,0.12,3,1,1,5,1,4,0
24,0,3,0,1,1,3,3,1,4999,0,0.04,0.21,4,1,1,2,2,3,0
20,1,6,1,4,1,2,4,0,2926,1,0.10,0.18,3,2,0,5,3,1,1
34,0,6,1,1,1,3,3,0,4809,1,0.06,0.14,3,3,0,3,3,16,2
59,0,2,1,3,1,2,4,1,18844,9,0.17,0.21,4,4,1,3,3,3,2
50,0,1,1,1,1,3,2,1,18172,3,0.08,0.19,3,1,0,1,2,8,0
22,0,15,1,2,1,3,4,0,2871,1,0.09,0.15,3,3,0,5,3,0,0
51,0,1,1,1,1,2,1,0,7484,3,0.08,0.20,4,3,0,1,2,13,12
54,0,26,1,4,1,4,4,0,17328,2,0.06,0.12,3,3,0,3,3,5,4
34,0,6,1,3,1,2,2,0,4505,6,0.21,0.15,3,3,1,3,3,1,0
34,0,5,1,3,1,2,1,0,11631,2,0.09,0.12,3,4,0,6,3,11,5
36,0,11,0,2,1,3,4,1,9738,0,0.03,0.14,3,3,1,6,3,9,2
36,0,3,0,1,1,3,4,0,2835,5,0.17,0.22,4,1,1,2,3,1,0
56,1,14,1,2,1,3,2,1,4963,9,0.18,0.18,3,1,3,2,3,5,4
26,0,6,1,3,1,2,2,1,2368,1,0.08,0.19,3,3,0,3,2,5,4
58,1,23,1,4,1,3,4,1,10312,1,0.03,0.12,3,4,1,3,2,40,15
49,0,20,1,3,1,3,1,1,6567,1,0.04,0.14,3,3,0,2,2,15,5
43,0,28,1,2,1,4,3,0,4739,4,0.12,0.12,3,4,0,2,3,3,1
50,0,12,1,3,1,3,4,0,9208,4,0.10,0.11,3,4,0,3,3,2,2
31,1,20,1,2,1,1,3,1,4559,3,0.13,0.11,3,3,1,2,3,2,2
26,0,25,0,3,1,3,3,1,2942,1,0.08,0.23,4,4,1,3,3,8,5
39,0,4,1,4,1,2,3,1,5902,4,0.13,0.14,3,3,1,1,4,15,5
32,1,9,1,1,1,3,1,0,4200,7,0.25,0.22,4,1,0,2,4,5,0
38,0,3,1,4,1,3,3,0,4317,3,0.11,0.20,4,2,0,2,3,3,2
30,0,18,1,1,1,3,3,0,2632,1,0.07,0.14,3,3,0,4,2,5,0
30,0,5,1,4,1,3,1,0,3204,5,0.20,0.14,3,4,1,3,3,3,2
19,0,3,0,2,1,3,2,0,1483,1,0.11,0.14,3,4,0,3,3,1,0
40,0,26,1,2,1,3,2,0,5605,1,0.05,0.11,3,1,1,2,3,20,2
32,0,8,1,2,1,3,4,0,8998,1,0.06,0.14,3,4,0,2,3,9,3
58,0,9,1,2,1,2,2,1,3346,4,0.09,0.20,4,2,1,3,2,1,0
34,0,2,1,3,1,3,3,1,2231,6,0.21,0.18,3,4,1,3,3,4,1
50,0,11,1,3,1,3,2,0,19926,3,0.08,0.15,3,2,0,5,3,5,4
30,0,5,1,2,1,3,4,1,9419,2,0.10,0.12,3,3,1,2,3,10,7
38,0,1,1,1,1,2,4,0,8686,4,0.13,0.22,4,3,0,2,4,8,0
19,1,1,0,3,1,1,1,0,2325,0,0.05,0.21,4,1,0,5,4,0,0
45,0,4,0,3,1,3,1,0,5006,4,0.11,0.11,3,1,1,3,4,5,0
56,0,8,1,3,1,3,1,0,4257,4,0.09,0.18,3,3,1,3,3,2,2
46,0,1,0,2,1,3,1,0,10453,1,0.04,0.25,4,3,3,2,3,24,15
38,0,9,0,3,1,3,4,0,2288,1,0.05,0.12,3,3,0,3,3,2,2
31,0,12,0,3,1,3,4,1,3929,8,0.29,0.23,4,3,1,0,3,4,0
34,0,27,0,4,1,3,2,0,2311,2,0.09,0.15,3,4,0,3,3,3,1
41,1,20,0,2,1,3,2,0,3140,1,0.05,0.22,4,4,0,5,2,4,0
53,0,13,0,4,1,4,1,0,4450,1,0.04,0.11,3,3,2,3,3,4,1
33,0,14,1,4,1,3,2,1,2756,1,0.06,0.13,3,4,1,5,3,8,1
40,0,4,0,4,1,3,3,1,19033,1,0.05,0.14,3,2,1,2,3,20,9
51,0,3,1,4,1,3,2,0,13734,3,0.08,0.18,3,3,0,6,3,7,1
27,0,9,1,4,1,3,2,0,2279,1,0.07,0.16,3,4,0,2,2,7,0
35,0,2,1,2,1,3,2,0,4425,5,0.17,0.11,3,4,0,5,3,6,1
42,0,21,0,3,1,3,3,0,5265,2,0.07,0.16,3,2,1,5,3,5,0
29,1,27,1,2,1,3,4,1,7639,1,0.07,0.22,4,4,3,3,2,10,1
36,0,18,0,2,1,3,4,0,2153,1,0.06,0.13,3,1,0,2,3,8,1
27,0,20,1,4,1,3,3,0,9981,1,0.07,0.14,3,4,0,2,3,7,0
30,1,3,1,4,1,3,1,0,2657,5,0.20,0.11,3,3,0,5,3,5,0
41,0,6,1,4,1,3,4,0,13591,3,0.10,0.18,3,3,0,3,3,1,0
30,1,26,1,3,1,2,1,0,6696,5,0.20,0.15,3,3,0,5,2,6,0
45,0,6,1,4,1,2,4,0,8865,6,0.16,0.12,3,4,0,2,3,19,12
54,0,3,1,4,1,3,1,1,5940,2,0.06,0.14,3,4,1,4,3,6,0
33,0,4,1,3,1,2,2,1,2622,6,0.21,0.21,4,4,0,3,3,3,1
29,0,1,0,2,1,3,4,1,7918,1,0.07,0.14,3,4,1,5,3,11,4
35,0,1,1,3,1,3,3,0,8789,1,0.06,0.14,3,1,0,3,4,10,0
52,0,2,1,3,1,2,4,0,3212,7,0.15,0.15,3,2,0,3,2,2,2
50,0,1,1,4,1,3,4,0,19517,3,0.08,0.11,3,3,1,3,2,7,0
43,0,16,1,4,1,3,4,1,16064,5,0.14,0.22,4,3,1,3,3,17,1
33,1,2,0,1,1,3,1,1,2707,7,0.24,0.20,4,1,0,3,4,9,1
32,0,4,0,3,1,3,2,1,3931,2,0.09,0.11,3,1,1,5,3,4,1
39,0,1,1,3,1,3,3,0,2232,7,0.21,0.14,3,3,3,1,3,3,1
33,0,5,1,3,1,2,4,1,2911,1,0.06,0.13,3,3,1,2,2,2,0
37,0,1,0,3,1,2,1,1,3920,2,0.08,0.14,3,1,1,2,2,3,0
39,0,2,1,3,1,3,3,0,10938,0,0.03,0.25,4,4,0,1,3,19,11
42,0,17,0,4,1,4,1,0,6545,3,0.10,0.13,3,3,0,1,3,3,0
25,0,1,1,1,1,3,3,1,4898,0,0.04,0.12,3,4,2,3,3,4,1
42,0,2,1,4,1,2,1,0,2593,0,0.02,0.11,3,3,1,4,3,9,7
46,0,2,1,3,1,1,2,1,16872,3,0.09,0.12,3,2,1,2,2,7,7
37,0,1,1,1,1,3,4,0,13603,2,0.08,0.18,3,1,2,2,3,5,0
35,0,22,1,2,1,4,2,0,11996,7,0.23,0.18,3,2,1,6,2,7,6
38,0,7,0,1,1,4,1,0,5605,1,0.05,0.24,4,3,1,3,3,8,7
26,0,1,1,3,1,3,2,0,6397,1,0.08,0.20,4,1,1,6,1,6,1
37,0,1,1,4,1,3,4,0,2115,1,0.05,0.12,3,2,0,3,3,17,5
28,0,8,0,4,1,3,4,0,3310,1,0.07,0.21,4,4,0,3,3,5,0
49,0,10,1,3,1,3,1,0,18665,9,0.20,0.11,3,4,0,4,3,3,1
31,0,5,1,4,1,3,2,0,2789,1,0.06,0.11,3,3,1,5,2,2,2
42,0,26,1,3,1,3,2,1,13525,5,0.14,0.14,3,4,1,2,4,20,4
18,0,10,1,4,1,2,3,0,1200,1,0.11,0.12,3,1,0,2,3,0,0
36,0,24,1,2,1,3,2,1,5674,7,0.22,0.15,3,3,1,3,3,9,0
38,0,25,0,1,1,2,2,1,12061,3,0.11,0.17,3,3,1,2,3,10,0
33,0,5,1,4,1,3,2,1,11878,6,0.21,0.11,3,2,2,2,3,10,8
43,0,10,1,3,1,3,4,0,2455,0,0.02,0.19,3,1,0,5,3,8,1
49,0,1,0,3,1,2,3,0,13964,7,0.16,0.12,3,4,0,2,3,7,0
27,0,5,1,3,1,3,2,0,2478,1,0.07,0.12,3,2,0,2,2,4,1
32,0,8,0,3,1,2,2,1,5228,1,0.06,0.11,3,4,0,2,3,13,11
32,0,2,1,1,1,4,4,0,5055,7,0.25,0.16,3,3,0,0,2,7,0
30,0,28,0,4,1,3,4,1,5775,1,0.07,0.13,3,4,2,2,3,10,1
31,0,7,0,3,1,2,3,1,8943,1,0.06,0.24,4,1,1,2,3,10,8
39,1,3,0,4,1,3,3,1,5238,4,0.13,0.18,3,1,0,3,2,1,0
43,0,10,1,3,1,2,3,0,5257,1,0.05,0.11,3,2,1,3,4,9,0
54,0,20,1,4,1,3,3,0,4869,3,0.07,0.12,3,4,0,4,2,4,0
43,0,7,1,3,1,3,1,1,9985,8,0.21,0.16,3,1,1,1,2,1,0
30,0,5,1,4,1,2,3,0,6118,1,0.07,0.13,3,3,3,2,3,10,1
27,0,8,1,2,1,3,2,1,6214,1,0.07,0.18,3,1,1,3,3,8,0
31,0,7,1,3,1,3,4,0,7143,1,0.06,0.14,3,3,0,2,2,11,4
29,0,10,0,4,1,2,2,0,8268,1,0.07,0.14,3,1,2,2,3,7,1
42,0,23,1,1,1,3,4,0,15992,2,0.07,0.14,3,2,0,2,3,1,0
32,0,2,1,3,1,3,2,1,2370,1,0.06,0.13,3,3,1,4,3,8,0
48,0,29,0,1,1,3,3,1,12504,3,0.08,0.21,4,2,1,3,1,0,0
30,0,25,0,4,1,3,3,1,4736,7,0.27,0.12,3,2,1,2,4,2,2
21,1,1,0,1,1,2,2,0,2174,1,0.10,0.11,3,3,0,3,3,3,1
36,0,1,1,4,1,3,4,0,6653,4,0.14,0.15,3,2,0,6,3,1,0
40,0,10,1,4,1,4,3,1,2213,3,0.10,0.13,3,3,1,3,3,7,1
33,1,5,1,4,1,3,3,0,2851,1,0.06,0.13,3,2,0,2,3,1,0
37,0,10,1,3,1,3,1,1,3452,6,0.19,0.20,4,2,1,3,3,5,0
46,0,7,1,3,1,3,3,1,5258,2,0.07,0.14,3,3,0,2,4,1,0
21,1,12,1,3,1,4,2,0,2716,1,0.10,0.15,3,4,0,0,3,1,0
51,0,14,0,3,1,3,4,1,4936,4,0.10,0.11,3,3,1,2,2,7,0
36,0,2,1,4,1,3,3,1,2543,4,0.14,0.13,3,2,1,3,3,2,2
55,0,2,1,3,1,3,4,0,16659,2,0.05,0.13,3,3,0,2,3,5,1
24,0,10,1,4,1,3,3,0,4260,1,0.08,0.12,3,4,1,2,4,5,0
22,0,11,1,1,1,3,2,1,2244,1,0.09,0.13,3,4,1,1,3,2,1
37,0,14,1,4,1,3,1,0,3034,1,0.05,0.12,3,3,1,2,2,18,12
40,0,2,0,4,1,3,2,0,5715,7,0.20,0.12,3,3,2,5,3,5,1
42,0,1,1,2,1,3,1,0,2576,3,0.10,0.16,3,2,1,5,3,5,1
40,0,2,1,2,1,2,3,1,3448,6,0.18,0.22,4,2,1,3,3,1,0
34,0,4,1,3,1,3,3,1,6538,9,0.29,0.15,3,1,1,3,3,3,1
31,0,7,0,2,1,3,1,1,4306,1,0.06,0.12,3,2,1,5,1,13,3
43,0,8,1,3,1,3,3,0,4522,4,0.12,0.14,3,4,0,3,3,5,0
25,0,4,0,2,1,2,4,0,4487,1,0.08,0.11,3,2,0,3,3,5,1
37,0,25,1,2,1,3,3,1,4449,3,0.11,0.15,3,1,2,2,3,13,10
56,0,6,1,3,1,4,1,1,13212,9,0.18,0.11,3,4,3,0,2,7,7
30,0,12,1,2,1,3,3,0,6577,0,0.03,0.11,3,2,0,6,3,5,4
52,0,4,0,4,1,3,4,1,16555,2,0.06,0.13,3,4,0,2,1,5,1
42,0,29,0,1,1,3,3,0,4556,2,0.07,0.11,3,2,1,3,3,5,0
30,0,2,1,3,1,1,4,0,6091,2,0.10,0.20,4,3,0,2,3,5,0
60,0,7,1,1,1,3,1,1,19566,5,0.10,0.11,3,4,0,5,1,29,11
46,0,18,1,3,1,3,3,0,4810,2,0.07,0.14,3,3,1,5,2,10,0
42,0,28,1,4,1,2,4,1,4523,0,0.02,0.11,3,4,3,4,4,6,0
24,1,1,0,1,1,3,2,0,3202,1,0.08,0.16,3,2,0,4,3,5,1
34,1,6,0,4,1,1,3,0,2351,0,0.03,0.16,3,4,1,3,2,2,1
40,0,2,1,3,1,3,3,1,18041,0,0.03,0.14,3,4,0,2,3,20,1
26,0,23,1,1,1,3,4,0,2886,1,0.08,0.22,4,2,2,3,1,3,0
29,1,25,1,3,1,2,2,1,2546,5,0.21,0.16,3,2,0,2,4,2,1
30,0,22,1,3,1,3,1,1,8412,0,0.03,0.11,3,3,0,3,3,9,7
30,0,2,1,3,1,3,4,0,2564,0,0.03,0.14,3,3,0,2,2,11,6
60,0,28,1,3,1,2,1,1,10266,4,0.08,0.19,3,4,0,5,4,18,13
47,0,2,0,1,1,3,4,0,5070,5,0.13,0.13,3,3,3,2,3,5,0
54,0,8,1,3,1,3,3,0,3780,7,0.15,0.11,3,3,0,3,3,1,0
46,0,10,1,3,1,2,4,1,9071,2,0.07,0.19,3,3,1,3,3,3,1
34,1,23,1,2,1,3,1,0,9950,9,0.29,0.15,3,3,3,2,3,3,0
48,0,2,1,2,1,3,4,1,4051,2,0.06,0.14,3,1,1,2,3,9,6
55,0,18,1,1,1,3,2,0,16835,3,0.07,0.23,4,4,0,2,3,10,7
40,0,6,1,2,1,3,3,0,13237,7,0.20,0.15,3,3,0,3,3,20,5
39,0,8,0,3,1,3,3,1,3755,1,0.05,0.11,3,1,1,3,3,8,0
26,1,17,1,2,1,3,3,0,2741,0,0.04,0.11,3,2,1,2,2,7,1
33,0,1,1,1,1,4,3,0,16184,4,0.15,0.19,3,3,1,2,3,6,0
41,0,2,1,1,1,2,3,0,6811,2,0.07,0.17,3,1,0,3,3,8,0
35,0,1,1,1,1,3,3,0,4859,1,0.06,0.16,3,4,0,3,3,5,0
37,0,1,1,2,1,3,4,0,7491,4,0.14,0.17,3,4,0,3,4,6,1
46,0,18,0,1,1,3,3,1,10527,5,0.13,0.11,3,4,0,3,2,2,1
41,0,2,1,2,1,3,1,1,16595,7,0.20,0.16,3,2,1,2,3,18,11
38,0,10,1,3,1,3,3,1,9824,3,0.11,0.19,3,3,1,4,3,1,0
37,0,1,1,2,1,3,2,1,6447,6,0.19,0.12,3,2,1,2,2,6,4
24,1,7,1,1,1,3,3,1,2886,1,0.08,0.16,3,4,1,4,3,6,1
27,0,6,1,1,1,2,3,0,2187,0,0.04,0.12,3,3,2,5,2,5,0
20,0,1,1,4,1,2,2,0,2836,1,0.10,0.13,3,4,0,0,4,1,0
42,0,2,1,3,1,3,4,1,4089,1,0.05,0.13,3,2,2,4,3,10,2
38,0,1,0,3,1,3,1,0,2619,3,0.11,0.17,3,4,0,3,2,0,0
48,0,1,1,4,1,2,1,1,15402,7,0.17,0.11,3,1,1,3,1,3,0
44,0,1,1,1,1,2,3,0,5985,4,0.11,0.11,3,2,0,1,4,2,0
34,0,14,1,3,1,3,3,0,2579,1,0.06,0.18,3,4,2,3,3,8,0
32,0,9,1,1,1,3,4,1,6322,1,0.06,0.12,3,4,1,2,2,6,0
30,0,3,1,3,1,3,3,0,2083,1,0.07,0.20,4,3,1,2,3,1,0
53,0,1,0,4,1,3,1,0,8381,7,0.15,0.20,4,4,0,2,4,14,8
45,1,26,1,1,1,3,1,1,4286,2,0.07,0.14,3,4,2,4,3,1,0
26,0,6,1,3,1,3,4,1,2659,1,0.08,0.13,3,3,1,2,3,3,0
29,0,3,0,2,1,3,3,1,5561,1,0.07,0.14,3,1,1,5,2,6,1
38,0,7,1,4,1,2,4,0,4028,0,0.03,0.20,4,1,0,2,3,7,0
27,0,3,0,4,1,4,4,0,4647,1,0.07,0.20,4,2,2,3,3,6,0
34,0,9,1,4,1,2,2,0,8621,1,0.06,0.14,3,2,0,3,4,8,7
24,1,3,0,1,1,3,3,0,4577,9,0.42,0.14,3,1,0,3,3,2,2
39,0,2,1,4,1,2,3,0,4553,1,0.05,0.11,3,1,0,4,3,20,11
38,0,1,1,2,1,4,4,0,7625,0,0.03,0.13,3,3,0,4,2,9,1
27,0,1,0,3,1,3,1,1,7412,1,0.07,0.11,3,4,0,3,3,9,0
32,0,3,0,3,1,3,4,0,11159,3,0.13,0.15,3,4,0,6,3,7,7
28,1,1,0,1,1,1,2,0,2216,7,0.29,0.13,3,4,0,4,3,7,3
36,0,8,1,1,1,4,1,1,11713,9,0.28,0.14,3,1,1,2,3,8,0
38,0,1,1,3,1,3,3,0,7861,4,0.13,0.14,3,4,0,4,4,1,0
47,0,3,1,4,1,3,3,0,13770,9,0.21,0.12,3,4,2,2,2,22,11
34,0,8,0,2,1,3,3,0,6142,3,0.12,0.11,3,4,0,2,3,5,4
39,0,3,1,3,1,4,2,1,6389,9,0.26,0.15,3,3,1,3,1,8,3
40,0,2,0,4,1,2,4,0,2342,0,0.03,0.20,4,4,0,2,2,4,2
27,0,7,1,4,1,2,1,0,6811,8,0.33,0.19,3,1,0,2,1,7,0
35,0,2,1,4,1,3,1,0,5093,2,0.09,0.11,3,1,1,2,4,1,0
34,0,8,1,2,1,3,1,0,5121,3,0.12,0.14,3,3,1,3,3,0,0
25,0,26,0,3,1,3,4,0,6180,1,0.08,0.23,4,2,0,5,2,6,1
47,1,27,0,2,1,4,3,0,6397,4,0.11,0.12,3,4,0,2,3,5,1
26,0,1,0,1,1,1,4,0,4364,3,0.15,0.14,3,1,1,2,3,2,2
29,0,27,1,2,1,3,3,1,4335,4,0.17,0.12,3,1,1,3,2,8,1
34,0,1,1,2,1,4,4,0,3280,2,0.09,0.16,3,3,0,2,3,4,1
54,0,19,1,4,1,3,1,0,5485,9,0.19,0.11,3,2,2,4,3,5,1
37,0,10,0,4,1,3,1,0,2782,0,0.03,0.13,3,2,2,3,2,5,4
38,0,2,1,1,1,4,1,0,5980,6,0.18,0.12,3,4,0,2,3,15,4
34,0,2,1,3,1,2,1,0,4381,1,0.06,0.11,3,3,0,3,3,6,1
35,0,8,1,1,1,3,4,1,2572,1,0.06,0.16,3,2,1,1,2,3,0
40,0,2,0,3,1,4,2,1,4244,1,0.05,0.24,4,4,1,2,3,8,3
34,0,8,0,3,1,3,1,1,6500,5,0.18,0.17,3,2,1,1,3,3,1
52,0,11,1,4,1,3,3,1,3149,8,0.17,0.20,4,2,1,3,3,5,1
29,1,1,0,2,1,2,1,1,2319,1,0.07,0.11,3,4,1,1,3,1,0
33,1,16,1,1,1,3,1,0,5324,5,0.18,0.15,3,3,0,3,3,3,0
47,0,2,0,3,1,3,4,1,16752,1,0.04,0.11,3,3,1,3,2,26,3
36,0,1,1,3,1,3,2,1,5228,0,0.03,0.15,3,1,1,2,3,9,0
35,0,1,1,4,1,4,3,0,2506,3,0.11,0.13,3,3,0,0,3,2,2
42,0,1,0,4,1,2,4,1,6062,9,0.24,0.13,3,4,1,4,3,4,0
32,0,4,1,3,1,2,3,1,6162,1,0.06,0.12,3,3,1,3,3,14,6
30,0,2,1,3,1,2,4,0,6877,5,0.20,0.24,4,2,0,4,2,0,0
45,0,2,1,2,1,2,3,0,2274,1,0.04,0.14,3,4,0,3,3,1,0
34,0,16,1,3,1,2,4,0,2553,1,0.06,0.16,3,3,0,3,3,5,1
49,1,11,1,3,1,3,4,1,7654,1,0.04,0.18,3,1,2,3,4,9,7
28,0,2,1,2,1,3,2,1,4779,1,0.07,0.20,4,1,0,2,3,8,7
26,1,5,0,3,1,2,3,1,2366,1,0.08,0.14,3,1,1,2,3,8,1
51,0,26,1,1,1,3,3,1,16307,2,0.06,0.14,3,3,1,2,2,20,4
35,0,27,0,3,1,2,1,0,2559,1,0.06,0.11,3,4,0,3,2,6,1
53,0,7,0,1,1,2,4,1,10934,7,0.15,0.18,3,4,1,3,3,5,0
32,0,8,0,3,1,4,3,1,5175,5,0.19,0.12,3,3,1,3,2,5,1
52,0,25,1,3,1,2,4,1,13826,3,0.08,0.22,4,3,0,3,3,9,0
35,0,9,1,4,1,2,3,1,10685,1,0.06,0.20,4,2,1,2,3,17,5
35,1,25,1,4,1,3,2,0,2022,1,0.06,0.19,3,1,1,3,2,10,7
49,0,1,1,3,1,3,1,1,3580,2,0.06,0.16,3,2,1,2,3,4,0
42,0,3,1,3,1,4,4,1,5231,2,0.07,0.13,3,2,1,1,2,5,1
29,1,1,1,2,1,2,3,0,2800,6,0.24,0.19,3,3,3,3,3,3,0
37,0,21,0,3,1,3,4,1,2973,5,0.16,0.15,3,2,1,3,3,5,0
53,0,23,1,4,1,3,4,0,14275,6,0.13,0.18,3,3,0,0,3,12,3
43,0,1,1,4,1,3,4,1,5562,4,0.12,0.13,3,2,1,2,2,5,2
47,0,2,0,3,1,3,4,1,4537,0,0.02,0.22,4,1,1,2,3,7,7
39,0,2,1,4,1,2,4,1,5204,8,0.23,0.11,3,3,2,2,3,5,0
29,0,7,0,1,1,2,4,0,2532,6,0.24,0.14,3,3,3,5,3,4,0
43,0,8,1,1,1,3,2,0,4765,4,0.12,0.21,4,3,1,2,4,1,0
20,1,2,1,3,1,2,3,0,2044,1,0.10,0.13,3,4,0,3,2,2,0
21,1,18,0,4,1,3,4,0,2693,1,0.10,0.19,3,1,0,3,2,1,0
47,0,2,1,4,1,2,4,0,3294,1,0.04,0.18,3,1,0,3,2,3,1
22,1,3,0,2,1,3,3,1,4171,0,0.05,0.19,3,1,1,3,4,3,0
41,1,2,1,2,1,1,4,0,2778,4,0.12,0.13,3,3,1,1,2,7,1
28,0,9,1,3,1,3,3,0,2377,5,0.21,0.18,3,2,1,2,3,2,2
27,0,4,1,2,1,3,3,0,2318,1,0.07,0.19,3,3,0,2,3,1,0
42,0,14,0,3,1,2,3,0,6244,7,0.19,0.17,3,1,0,6,3,5,0
58,0,5,1,3,1,2,2,0,10552,2,0.05,0.13,3,4,1,3,3,6,0
35,0,21,0,4,1,3,4,1,4014,1,0.06,0.25,4,4,1,2,1,10,0
49,0,8,0,1,1,3,2,1,7403,4,0.10,0.11,3,3,1,3,2,26,1
31,0,20,0,4,1,3,3,1,6932,1,0.06,0.13,3,4,1,2,2,9,0
38,0,1,1,4,1,3,1,1,13582,1,0.05,0.13,3,2,1,3,3,15,5
32,0,1,1,3,1,2,2,1,2332,6,0.22,0.20,4,3,0,3,3,3,0
31,0,12,1,4,1,3,4,1,5855,0,0.03,0.11,3,3,2,2,1,9,8
32,0,3,1,3,1,3,1,1,6725,1,0.06,0.12,3,3,1,2,4,8,6
33,0,1,1,2,1,2,4,0,6949,0,0.03,0.14,3,1,0,3,3,5,1
29,0,20,1,3,1,3,4,1,2157,1,0.07,0.15,3,2,1,5,3,3,0
35,0,18,1,3,1,3,3,1,4601,1,0.06,0.16,3,2,0,3,3,5,1
38,0,10,1,3,1,3,4,0,5666,1,0.05,0.13,3,2,0,1,3,5,1
40,1,24,1,2,1,4,2,0,13194,4,0.13,0.16,3,4,0,2,2,1,0
29,1,10,1,4,1,2,1,0,2404,6,0.24,0.20,4,3,0,5,3,0,0
33,0,13,0,2,1,3,4,0,3452,3,0.12,0.18,3,1,0,4,3,3,0
45,0,1,1,4,1,3,4,0,2270,3,0.09,0.14,3,4,2,2,3,5,0
33,0,1,1,3,1,4,2,1,5488,1,0.06,0.13,3,1,1,2,3,6,1
27,0,16,1,3,1,3,2,1,2811,9,0.37,0.14,3,2,1,2,3,2,2
47,0,4,0,4,1,3,4,0,4163,1,0.04,0.17,3,3,0,0,3,9,0
30,1,22,1,1,1,3,3,1,2132,4,0.17,0.11,3,2,0,2,3,5,0
24,0,17,0,4,1,2,3,0,4377,1,0.08,0.15,3,2,2,6,3,4,3
31,0,1,0,3,1,3,1,1,4148,1,0.06,0.12,3,3,1,1,3,4,0
54,0,17,1,3,1,3,3,1,10739,8,0.17,0.11,3,3,1,2,3,10,0
35,0,25,1,3,1,3,3,0,10388,1,0.06,0.11,3,3,1,3,2,16,10
30,0,8,0,2,1,4,1,1,11416,0,0.03,0.12,3,3,3,4,2,8,1
20,1,11,1,4,1,2,1,0,2600,1,0.10,0.15,3,1,0,2,3,1,0
30,1,5,1,2,1,3,2,0,2422,0,0.03,0.17,3,1,0,3,3,3,1
41,0,7,0,4,1,3,3,0,5003,6,0.17,0.14,3,2,0,6,3,2,2
39,0,1,0,4,1,2,4,1,12742,1,0.05,0.16,3,3,1,3,3,21,11
27,0,2,1,1,1,3,4,1,4227,0,0.04,0.18,3,2,1,2,3,3,2
59,0,2,1,3,1,2,4,0,13726,3,0.07,0.13,3,1,0,4,3,5,4
37,1,11,0,1,1,1,2,1,4777,5,0.16,0.15,3,1,0,2,1,1,0
41,0,7,0,2,1,1,3,0,19973,1,0.05,0.22,4,2,2,3,3,21,5
52,1,2,0,1,1,1,4,1,19845,1,0.04,0.15,3,4,1,3,3,32,6
44,0,28,1,4,1,4,4,1,13320,3,0.09,0.18,3,3,1,2,3,12,11
50,0,1,1,4,1,3,3,1,6347,0,0.02,0.12,3,1,1,3,3,18,0
36,1,16,1,3,1,4,1,0,2743,1,0.06,0.16,3,3,0,1,3,17,15
39,0,22,1,4,1,3,1,0,10880,1,0.05,0.13,3,3,0,2,3,21,2
33,0,8,0,2,1,2,4,0,2342,0,0.03,0.19,3,4,0,2,2,2,2
45,0,11,0,4,1,3,4,1,17650,3,0.09,0.13,3,2,1,4,4,9,1
32,0,29,1,4,1,3,3,0,4025,9,0.31,0.12,3,2,0,2,3,8,7
53,0,2,1,3,1,2,2,1,7525,2,0.06,0.12,3,1,1,2,3,15,6
34,0,10,1,3,1,3,3,1,2220,1,0.06,0.19,3,4,1,2,3,1,0
37,0,3,1,4,1,3,2,0,4107,3,0.11,0.15,3,1,0,3,2,4,0
26,0,1,0,1,1,2,3,0,2007,1,0.08,0.13,3,3,2,5,3,5,1
54,0,2,1,3,1,2,3,1,10686,6,0.13,0.11,3,2,1,4,3,9,7
56,0,9,1,1,1,3,3,1,2942,2,0.05,0.19,3,2,1,4,3,5,0
36,0,12,1,4,1,2,4,0,8858,0,0.03,0.11,3,2,0,2,2,14,7
20,1,9,1,4,1,3,4,0,2323,1,0.10,0.14,3,2,0,3,3,2,0
21,1,10,1,3,1,2,1,0,1416,1,0.10,0.13,3,1,0,6,2,1,1
46,0,8,1,4,1,2,1,0,4615,8,0.20,0.23,4,1,3,2,3,16,1
41,0,7,0,2,1,4,3,1,3376,1,0.05,0.13,3,3,0,3,3,10,0
38,0,17,0,3,1,2,3,1,8823,0,0.03,0.18,3,1,1,4,2,19,1
28,0,10,1,3,1,3,3,0,3660,3,0.14,0.13,3,4,0,4,4,8,1
33,1,29,1,1,1,2,3,0,4508,1,0.06,0.22,4,2,0,4,3,13,3
37,0,10,1,4,1,2,4,0,6694,2,0.08,0.14,3,3,3,5,3,1,0
33,0,7,1,4,1,3,2,1,4302,0,0.03,0.17,3,3,1,3,3,3,0
45,0,9,1,2,1,2,3,1,5593,1,0.04,0.13,3,4,1,2,3,15,4
29,0,28,1,3,1,3,4,0,2514,4,0.17,0.22,4,1,1,1,3,7,1
28,0,3,1,4,1,3,2,0,7655,0,0.04,0.17,3,2,3,3,2,9,1
43,0,27,1,3,1,3,1,1,10820,8,0.21,0.11,3,3,1,1,3,8,0
21,0,1,0,4,1,2,2,0,2070,1,0.10,0.11,3,3,0,6,4,2,2
29,0,10,1,4,1,3,2,0,3291,0,0.03,0.14,3,4,2,2,2,7,1
33,1,9,1,1,1,3,1,0,8224,0,0.03,0.17,3,1,0,3,3,5,0
37,0,25,0,3,1,2,4,0,5731,7,0.22,0.13,3,3,2,2,3,6,1
34,0,9,0,2,1,3,3,1,5714,1,0.06,0.20,4,1,0,3,2,6,1
29,1,23,0,4,1,2,1,1,7336,1,0.07,0.13,3,1,1,3,1,11,3
40,0,9,1,2,1,3,3,0,13499,9,0.25,0.17,3,3,0,3,2,18,2
28,1,12,0,3,1,3,4,1,2515,1,0.07,0.11,3,4,0,4,2,1,0
40,0,26,0,3,1,2,4,1,4422,3,0.10,0.13,3,4,1,3,1,1,0
43,1,9,1,1,1,1,3,0,5346,8,0.21,0.13,3,2,0,2,2,4,1
32,0,2,0,3,1,3,1,0,2827,1,0.06,0.12,3,3,3,3,3,1,0
56,0,4,1,4,1,3,1,0,19943,4,0.09,0.13,3,4,1,2,3,5,4
29,0,6,0,2,1,3,4,1,3131,1,0.07,0.13,3,1,1,5,3,10,0
45,0,7,1,1,1,3,3,1,4477,4,0.11,0.19,3,3,1,2,2,3,0
37,0,1,1,4,1,2,4,1,6474,1,0.05,0.13,3,2,1,2,2,14,3
53,0,7,0,4,1,3,3,0,18606,3,0.08,0.18,3,2,1,6,3,7,4
29,0,15,0,2,1,1,4,1,2168,0,0.03,0.18,3,1,1,2,2,5,1
46,0,2,1,3,1,3,1,1,17048,8,0.20,0.23,4,1,0,2,3,26,15
50,0,2,1,4,1,3,1,1,17856,2,0.06,0.22,4,3,1,3,3,2,2
24,1,17,0,4,1,3,2,1,2210,1,0.08,0.13,3,1,1,3,1,1,0
33,0,25,1,2,1,3,3,1,4539,1,0.06,0.12,3,1,1,3,2,10,0
32,0,13,1,3,1,2,2,1,2743,1,0.06,0.20,4,3,1,2,3,2,2
32,0,2,0,4,1,3,3,0,4998,4,0.16,0.14,3,4,0,2,3,8,0
36,0,1,1,3,1,1,1,0,10252,2,0.08,0.21,4,3,1,2,3,7,7
40,0,10,1,2,1,2,2,0,6852,7,0.20,0.12,3,2,1,2,4,5,1
42,0,26,1,1,1,3,1,1,13191,3,0.10,0.17,3,3,0,6,3,1,0
35,0,8,0,3,1,2,4,1,10377,4,0.14,0.11,3,2,1,6,2,13,4
54,0,1,1,4,1,3,3,0,10502,7,0.15,0.17,3,1,1,2,1,5,1
44,0,2,0,1,1,4,4,1,2011,1,0.05,0.13,3,4,1,5,3,10,7
19,1,10,1,1,1,2,2,0,1859,1,0.11,0.25,4,2,0,2,4,1,0
29,0,1,1,1,1,3,4,0,3760,1,0.07,0.15,3,1,3,5,3,3,1
31,0,24,1,3,1,2,1,0,6812,1,0.06,0.19,3,2,0,2,3,10,1
59,0,3,1,3,1,2,4,0,5171,5,0.10,0.17,3,4,0,2,3,6,0
29,0,1,1,4,1,2,4,0,16124,3,0.14,0.14,3,2,2,2,2,7,1
34,0,20,1,3,1,4,3,1,2585,0,0.03,0.17,3,4,0,5,2,1,0
19,0,25,1,2,1,4,4,0,2994,1,0.11,0.12,3,4,0,2,3,1,0
45,1,2,1,1,1,1,2,0,18824,2,0.07,0.16,3,1,0,2,3,24,1
21,1,10,0,1,1,2,3,0,2625,1,0.10,0.20,4,3,0,2,1,2,2
46,0,4,0,4,1,2,2,1,18789,2,0.07,0.14,3,3,1,2,3,11,0
34,0,2,1,3,1,3,1,0,4538,0,0.03,0.12,3,4,0,3,3,3,0
34,0,19,1,3,1,3,2,0,4444,4,0.15,0.13,3,3,2,2,4,11,5
42,0,7,1,2,1,4,2,1,2372,6,0.17,0.16,3,4,0,2,3,1,0
43,0,4,1,4,1,2,4,0,10231,3,0.09,0.14,3,4,0,3,4,21,15
36,0,2,1,3,1,3,2,0,5410,9,0.28,0.11,3,4,0,2,3,16,5
44,1,15,1,1,1,3,4,1,7978,1,0.05,0.11,3,4,1,2,3,10,0
51,0,6,0,2,1,2,3,0,2838,0,0.02,0.14,3,2,0,6,2,7,7
30,0,9,0,3,1,3,3,0,4695,7,0.27,0.18,3,3,0,3,3,8,1
29,1,7,1,2,1,3,3,0,3339,3,0.14,0.13,3,1,2,2,3,7,7
25,0,1,1,4,1,3,2,0,2096,1,0.08,0.18,3,4,0,3,2,2,2
45,0,25,1,2,1,3,2,0,18061,3,0.09,0.22,4,3,0,4,3,0,0
39,0,13,1,3,1,2,2,0,17123,6,0.18,0.13,3,4,2,4,3,19,15
30,0,6,1,1,1,2,4,1,4627,0,0.03,0.12,3,1,1,6,3,9,6
36,0,10,1,4,1,3,3,1,7094,3,0.11,0.12,3,1,0,0,3,7,1
46,0,1,0,4,1,3,1,0,3423,6,0.15,0.12,3,3,0,3,4,7,5
28,0,1,1,3,1,1,4,1,6674,0,0.04,0.11,3,1,3,6,3,9,7
50,0,28,1,4,1,3,1,1,16880,4,0.10,0.11,3,2,0,2,3,3,1
30,0,17,1,2,1,3,1,1,11916,1,0.07,0.23,4,4,2,2,3,9,0
31,0,2,1,4,1,3,3,0,9852,1,0.06,0.19,3,1,1,5,2,10,9
31,1,1,1,4,1,3,2,0,2302,1,0.06,0.11,3,1,0,2,4,3,2
55,0,2,0,4,1,1,3,1,19187,4,0.09,0.14,3,4,1,5,3,19,9
41,0,1,1,3,1,3,1,0,4103,0,0.02,0.17,3,4,1,2,3,9,1
38,0,2,0,2,1,3,1,0,6893,3,0.11,0.15,3,4,1,3,3,7,1
34,0,15,0,3,1,3,1,0,6125,1,0.06,0.12,3,4,0,6,4,10,9
58,1,7,1,3,1,2,1,1,10008,7,0.14,0.14,3,4,0,0,2,10,5
36,0,7,1,1,1,4,1,1,4639,2,0.08,0.16,3,4,1,2,2,15,6
27,0,11,1,3,1,4,4,1,2534,8,0.33,0.14,3,2,1,4,3,1,0
51,0,11,0,4,1,2,2,0,13142,3,0.08,0.16,3,2,0,1,2,5,0
18,0,1,1,4,1,3,4,0,1611,1,0.11,0.15,3,3,0,5,4,0,0
35,0,1,1,4,1,2,4,1,5363,0,0.03,0.12,3,2,1,0,3,9,0
34,0,26,0,1,1,2,3,0,2029,1,0.06,0.20,4,3,3,2,3,5,0
40,0,2,0,2,1,4,3,0,6377,5,0.15,0.20,4,2,3,0,3,12,11
31,1,2,1,3,1,2,4,0,2785,7,0.26,0.14,3,3,0,3,4,1,0
35,1,18,1,4,1,3,3,1,4614,0,0.03,0.18,3,3,1,0,2,4,3
34,0,2,1,3,1,3,4,0,6687,1,0.06,0.11,3,4,0,2,4,14,4
41,0,22,1,4,1,3,4,0,5467,3,0.10,0.14,3,1,2,4,2,6,3
52,0,28,0,4,1,4,3,1,13247,2,0.06,0.11,3,2,1,3,2,5,0
43,0,6,1,1,1,2,3,0,4081,1,0.05,0.14,3,1,0,3,1,20,1
27,0,10,1,4,1,2,4,1,5769,1,0.07,0.11,3,4,0,3,3,6,4
27,1,17,1,4,1,3,3,0,2394,1,0.07,0.13,3,4,0,2,3,8,7
42,0,10,1,3,1,3,1,1,16799,0,0.02,0.14,3,3,1,5,3,20,0
52,0,8,1,3,1,3,1,1,2950,9,0.19,0.13,3,3,0,2,1,5,0
37,0,11,1,1,1,3,3,0,3629,4,0.14,0.18,3,1,0,6,3,3,0
29,1,14,0,3,1,3,4,0,7553,0,0.03,0.12,3,1,0,1,3,8,7
54,0,1,1,4,1,3,4,0,17328,6,0.13,0.19,3,4,0,3,2,20,12
58,0,1,1,4,1,3,1,1,19701,3,0.07,0.21,4,3,1,3,3,9,1
36,0,3,1,1,1,3,2,0,9278,3,0.11,0.16,3,4,0,3,3,5,0
31,1,1,1,2,1,1,3,0,1359,1,0.06,0.12,3,2,0,3,3,1,0
30,0,7,1,4,1,3,1,0,4779,7,0.27,0.14,3,2,2,3,3,3,0
31,0,8,1,1,1,3,2,0,16422,3,0.13,0.11,3,3,0,3,4,3,1
31,1,8,1,1,1,2,2,0,1261,1,0.06,0.12,3,3,0,3,4,1,0
36,0,16,1,3,1,2,1,1,5647,4,0.14,0.13,3,1,2,3,2,3,0
56,0,1,0,1,1,3,1,1,2066,2,0.05,0.22,4,4,1,3,4,3,1
47,0,2,1,1,1,3,3,1,17169,3,0.09,0.19,3,2,2,2,4,20,5
24,0,4,0,4,1,3,3,1,4162,1,0.08,0.12,3,3,2,3,3,5,0
34,0,1,1,4,1,2,2,1,3294,5,0.18,0.17,3,1,1,2,2,5,0
39,1,2,1,1,1,2,1,0,3646,2,0.08,0.23,4,2,0,2,4,1,0
31,1,1,1,3,1,4,2,0,7446,1,0.06,0.11,3,1,0,2,3,10,4
31,0,8,0,4,1,4,2,0,2109,9,0.32,0.18,3,4,0,3,3,3,0
34,1,9,1,1,1,3,3,1,2742,1,0.06,0.15,3,4,0,0,3,2,2
42,0,9,0,1,1,3,4,0,3673,1,0.05,0.13,3,3,0,3,3,12,5
44,0,1,1,1,1,3,3,1,4768,7,0.18,0.12,3,3,1,4,2,1,0
29,1,13,1,1,1,3,2,0,5765,5,0.21,0.11,3,1,0,4,1,5,0
34,1,24,1,1,1,2,2,0,4599,0,0.03,0.23,4,3,0,2,4,15,10
24,0,13,0,4,1,3,2,1,2033,1,0.08,0.13,3,3,1,2,3,1,0
33,0,4,1,1,1,2,2,1,3838,8,0.27,0.11,3,4,0,5,3,5,0
47,0,14,1,3,1,3,3,1,4591,3,0.09,0.17,3,3,1,4,2,5,1
49,0,3,0,3,1,2,1,1,4789,4,0.10,0.25,4,1,1,3,3,3,1
29,0,2,0,4,1,3,2,1,3180,0,0.03,0.13,3,3,3,3,3,3,0
54,0,11,1,2,1,3,4,0,16032,3,0.07,0.20,4,1,1,2,3,14,1
39,0,6,1,2,1,3,2,0,8376,4,0.13,0.18,3,4,0,3,3,2,2
46,0,3,1,3,1,3,2,1,16606,8,0.20,0.12,3,4,1,2,4,13,5
35,0,16,1,4,1,2,2,0,8606,1,0.06,0.19,3,4,0,3,1,11,3
31,1,3,1,4,1,3,3,0,4084,1,0.06,0.12,3,1,0,2,1,7,7
29,0,8,0,3,1,1,1,1,9715,3,0.14,0.13,3,3,1,3,3,7,0
35,0,28,1,2,1,2,3,1,2430,0,0.03,0.23,4,1,2,5,3,5,4
32,0,5,0,4,1,2,2,1,5878,3,0.13,0.12,3,1,1,2,3,7,2
48,0,16,1,3,1,3,3,0,6439,8,0.19,0.14,3,3,1,2,3,8,7
35,1,2,1,1,1,3,1,0,2074,1,0.06,0.12,3,4,1,2,3,1,0
53,1,2,1,3,1,2,4,1,10169,0,0.02,0.16,3,2,1,4,3,33,1
48,0,15,1,3,1,3,1,1,2367,8,0.19,0.12,3,4,1,3,2,8,7
26,0,3,1,1,1,3,4,1,2061,1,0.08,0.21,4,1,0,5,3,1,0
38,0,16,1,2,1,3,2,0,4198,2,0.08,0.12,3,2,0,5,4,3,1
36,0,1,1,2,1,3,3,0,6815,6,0.19,0.13,3,1,0,5,3,1,0
35,0,10,1,1,1,3,3,0,6142,3,0.11,0.16,3,3,0,4,3,5,0
40,0,14,0,4,1,3,1,1,4639,1,0.05,0.15,3,3,1,2,3,5,1
22,0,26,0,2,1,2,3,1,2814,1,0.09,0.14,3,2,0,2,2,4,1
32,0,5,1,2,1,4,4,1,3312,3,0.13,0.17,3,4,2,3,3,3,0
44,0,7,1,2,1,3,4,0,19049,0,0.02,0.14,3,4,1,4,2,22,1
45,0,5,1,3,1,1,1,0,5769,1,0.04,0.14,3,1,0,3,3,10,1
36,0,12,1,3,1,3,3,1,4663,9,0.28,0.12,3,2,2,2,3,3,1
49,0,25,1,3,1,3,1,1,3211,1,0.04,0.14,3,4,1,3,2,9,1
28,0,27,1,2,1,1,1,0,4877,0,0.04,0.21,4,2,1,5,2,5,0
18,1,3,0,2,1,3,4,0,1569,1,0.11,0.12,3,3,0,2,4,0,0
47,0,26,1,4,1,3,3,1,19658,3,0.09,0.11,3,3,1,2,3,5,1
40,0,15,1,1,1,2,3,1,10435,1,0.05,0.13,3,4,2,2,3,18,14
35,0,8,1,3,1,3,3,1,4148,1,0.06,0.12,3,4,1,5,3,14,2
39,0,4,1,1,1,3,3,0,5042,0,0.03,0.13,3,4,0,2,1,9,3
45,0,2,0,4,1,2,4,0,5770,1,0.04,0.19,3,1,2,3,3,10,3
38,0,2,0,4,1,2,3,1,7756,3,0.11,0.19,3,4,1,6,4,5,0
37,0,10,1,2,1,3,2,1,3936,1,0.05,0.11,3,1,1,2,1,8,7
40,0,16,1,3,1,3,4,0,7945,6,0.18,0.15,3,4,0,2,2,4,3
24,0,2,0,1,1,3,4,0,3760,1,0.08,0.13,3,3,0,2,3,6,1
27,0,8,1,2,1,4,3,1,3517,7,0.30,0.17,3,1,0,0,3,3,0
36,0,5,1,2,1,3,1,1,8008,4,0.14,0.12,3,3,2,6,3,3,0
49,0,22,1,1,1,3,2,1,16413,3,0.08,0.16,3,2,2,2,3,4,1
50,0,17,1,4,1,2,1,0,13269,5,0.12,0.15,3,3,3,3,3,14,1
20,0,2,1,3,1,3,3,0,2783,1,0.10,0.19,3,1,0,3,3,2,2
34,0,3,1,4,1,3,2,0,5433,1,0.06,0.12,3,3,1,2,3,11,7
49,0,6,0,3,1,2,3,1,13966,2,0.06,0.19,3,2,1,3,3,15,2
36,0,1,1,4,1,2,3,1,4374,0,0.03,0.15,3,3,0,6,3,3,1
54,0,22,1,2,1,3,3,1,17426,3,0.07,0.25,4,3,1,6,3,10,4
31,0,5,1,1,1,3,4,1,5476,1,0.06,0.11,3,1,2,2,3,10,0
49,0,16,1,4,1,3,1,0,2587,4,0.10,0.16,3,2,1,2,2,2,2
38,0,2,1,4,1,2,2,0,2440,1,0.05,0.22,4,2,0,3,3,4,3
47,0,2,1,2,1,4,2,0,15972,6,0.15,0.14,3,3,3,2,3,3,1
33,0,16,1,3,1,3,4,0,5368,1,0.06,0.25,4,3,1,2,3,6,1
44,0,1,1,3,1,3,4,0,3195,4,0.11,0.18,3,1,3,2,3,2,2
38,0,4,0,4,1,3,3,1,3306,7,0.21,0.19,3,4,1,5,2,0,0
48,1,7,0,4,1,3,3,1,2655,2,0.06,0.11,3,3,2,3,3,9,7
34,0,19,1,2,1,2,4,1,2929,1,0.06,0.12,3,2,0,3,3,10,8
44,0,2,1,3,1,4,4,1,7879,1,0.05,0.19,3,2,1,2,3,8,6
29,0,9,1,4,1,3,3,1,2974,9,0.34,0.17,3,3,1,2,3,5,1
36,0,2,1,3,1,3,4,0,4502,3,0.11,0.15,3,3,0,2,2,13,6
45,0,28,0,4,1,2,2,0,16704,1,0.04,0.11,3,3,0,2,3,21,8
40,0,8,0,2,1,3,1,1,6516,2,0.08,0.16,3,2,1,3,3,1,0
23,0,4,0,3,1,3,2,0,3295,1,0.09,0.13,3,3,0,3,1,3,1
31,0,24,0,4,1,3,4,0,5238,2,0.10,0.20,4,4,0,3,2,5,1
45,0,4,1,3,1,1,3,1,9756,4,0.11,0.21,4,3,2,2,4,5,0
30,0,2,1,4,1,2,1,0,4968,0,0.03,0.16,3,4,0,2,3,9,0
30,1,8,1,3,1,2,4,0,2180,6,0.23,0.11,3,3,1,0,2,4,1
27,0,8,1,3,1,3,4,0,3445,1,0.07,0.11,3,3,0,5,2,6,1
29,1,9,1,2,1,1,2,0,2760,1,0.07,0.13,3,3,0,3,3,2,2
33,0,2,1,4,1,3,2,0,5147,8,0.27,0.15,3,4,0,2,2,11,1
49,0,11,1,4,1,3,4,0,4507,3,0.08,0.12,3,3,0,1,4,5,0
33,1,16,1,1,1,3,1,0,8564,2,0.09,0.20,4,3,0,2,2,0,0
38,0,2,0,3,1,2,2,1,2468,4,0.13,0.14,3,2,1,4,2,6,0
29,0,4,1,4,1,2,1,0,2109,1,0.07,0.13,3,3,1,2,3,1,0
53,0,1,1,1,1,2,3,1,12965,4,0.09,0.20,4,4,3,2,2,3,0
34,0,3,0,4,1,1,4,0,6029,5,0.18,0.12,3,1,0,3,3,2,2
38,0,6,0,4,1,2,3,1,3702,1,0.05,0.11,3,2,1,3,3,5,0
22,1,8,0,3,1,3,1,1,2398,1,0.09,0.17,3,3,0,6,3,1,0
31,0,29,1,1,1,2,4,1,5468,1,0.06,0.14,3,1,2,3,3,12,5
51,0,3,1,1,1,3,3,1,13116,2,0.06,0.11,3,4,0,2,3,2,2
40,0,2,0,3,1,3,1,1,3377,4,0.13,0.17,3,4,1,5,2,4,0
41,0,4,0,3,1,3,3,0,10447,0,0.02,0.13,3,4,1,3,4,22,13
30,0,10,1,1,1,3,3,0,9667,9,0.33,0.14,3,2,0,3,3,7,0
26,1,20,0,4,1,3,2,1,2148,0,0.04,0.11,3,3,0,3,3,5,1
46,1,21,0,4,1,3,2,1,8926,4,0.11,0.22,4,4,1,2,4,9,3
40,0,1,1,3,1,3,4,0,6513,4,0.13,0.17,3,4,1,3,3,5,0
47,0,4,1,3,1,2,2,0,10333,8,0.19,0.12,3,3,1,4,3,22,14
40,0,12,1,2,1,3,1,0,4448,2,0.08,0.12,3,2,1,3,3,7,7
54,0,7,1,4,1,3,4,1,6854,4,0.09,0.15,3,2,1,2,2,7,1
31,0,7,1,1,1,3,1,1,9637,2,0.10,0.14,3,4,2,3,3,3,2
28,0,1,1,3,1,3,1,1,3591,1,0.07,0.25,4,3,1,3,3,3,1
38,0,2,1,2,1,1,4,1,5405,2,0.08,0.20,4,1,2,4,2,4,0
18,0,14,1,2,1,3,3,0,1514,1,0.11,0.16,3,3,0,4,1,0,0
45,0,2,1,3,1,3,3,1,5154,4,0.11,0.22,4,2,2,3,4,8,5
36,0,2,1,4,1,3,2,1,6962,4,0.14,0.22,4,4,1,2,3,1,0
27,0,5,0,4,1,3,4,0,2379,0,0.04,0.14,3,3,0,3,2,5,0
47,0,9,1,2,1,3,3,0,2105,4,0.11,0.12,3,3,0,2,3,2,2
46,0,3,1,1,1,4,1,0,13225,2,0.07,0.12,3,4,1,5,3,19,2
27,0,23,0,2,1,2,3,1,3540,1,0.07,0.21,4,4,1,5,3,9,5
43,0,6,1,1,1,2,3,1,19392,7,0.19,0.13,3,4,0,2,3,16,6
46,1,10,1,3,1,3,2,1,7314,5,0.13,0.21,4,3,3,2,3,8,0
27,0,15,1,4,1,2,1,1,4774,0,0.04,0.19,3,4,1,2,2,7,7
28,0,3,1,2,1,3,2,1,2856,1,0.07,0.19,3,4,1,3,3,1,0
36,0,10,1,2,1,2,3,1,5673,1,0.06,0.13,3,1,1,4,3,10,1
35,0,16,0,4,1,2,2,1,4788,0,0.03,0.11,3,4,0,2,3,3,0
45,0,25,0,2,1,2,4,1,5906,0,0.02,0.13,3,4,2,2,2,9,3
26,0,1,0,2,1,2,3,1,2933,1,0.08,0.13,3,3,1,3,2,1,1
27,0,2,0,1,1,4,3,0,6500,0,0.04,0.14,3,2,0,5,2,8,0
48,0,22,1,4,1,3,4,0,17174,3,0.08,0.11,3,2,1,3,3,22,4
41,0,8,1,3,1,3,2,1,4393,5,0.15,0.21,4,3,1,3,3,5,1
31,0,10,0,3,1,3,4,0,6583,2,0.10,0.11,3,4,1,2,3,5,1
34,0,3,0,4,1,2,4,1,8103,3,0.12,0.12,3,3,0,3,2,4,0
31,0,4,1,1,1,4,3,0,3978,8,0.29,0.12,3,2,1,0,2,2,2
39,0,21,1,1,1,1,3,1,5736,6,0.18,0.19,3,3,1,1,3,3,1
28,1,13,0,4,1,3,3,0,9854,3,0.14,0.11,3,4,0,0,3,2,2
56,0,11,1,4,1,2,1,1,5380,4,0.09,0.16,3,3,1,3,3,0,0
38,0,8,1,4,1,2,2,0,2133,1,0.05,0.16,3,3,1,3,3,20,0
58,0,21,1,4,1,3,4,1,17875,4,0.09,0.13,3,3,1,2,2,1,0
32,1,5,0,1,1,4,3,0,2432,3,0.13,0.14,3,1,0,2,3,4,0
27,1,22,1,1,1,2,2,1,2863,1,0.07,0.12,3,1,0,2,3,1,0
32,0,15,1,3,1,3,4,0,6667,5,0.19,0.18,3,2,1,6,3,5,1
35,0,7,1,3,1,3,4,1,5204,1,0.06,0.11,3,4,0,2,3,10,0
54,0,9,0,1,1,3,3,1,2897,3,0.07,0.11,3,3,2,6,2,4,2
31,0,2,0,4,1,1,4,0,1129,1,0.06,0.11,3,3,3,4,3,1,0
31,0,10,1,3,1,3,3,1,11031,4,0.16,0.20,4,3,1,2,4,11,4
54,0,10,1,3,1,3,1,0,4440,6,0.13,0.19,3,4,0,3,3,5,1
40,0,11,1,4,1,3,3,1,6323,1,0.05,0.11,3,1,1,2,4,10,9
40,0,2,0,2,1,3,2,1,5677,3,0.10,0.14,3,3,1,4,3,11,5
25,0,2,1,3,1,3,2,1,2187,4,0.20,0.14,3,3,0,3,3,2,1
47,0,1,0,3,1,3,2,1,11957,0,0.02,0.18,3,1,2,3,1,13,5
33,0,15,0,2,1,3,4,1,4878,0,0.03,0.13,3,1,1,6,3,9,8
32,0,29,1,3,1,2,2,0,2837,1,0.06,0.13,3,3,0,3,3,6,4
38,0,10,1,2,1,1,3,1,13206,3,0.11,0.12,3,1,1,3,3,18,1
32,0,1,1,3,1,3,4,1,10422,1,0.06,0.19,3,3,2,3,3,14,5
37,0,10,1,3,1,4,4,1,13744,1,0.05,0.25,4,1,1,2,3,16,6
25,0,8,0,1,1,3,3,0,4907,0,0.04,0.22,4,2,1,3,2,5,0
36,0,3,1,1,1,2,4,1,7644,0,0.03,0.19,3,3,2,2,3,9,3
36,0,4,0,4,1,3,2,0,5131,7,0.22,0.13,3,2,3,3,3,4,0
41,0,28,1,1,1,2,2,1,13570,0,0.02,0.23,4,3,1,3,3,20,0
34,0,28,1,4,1,2,3,1,6712,1,0.06,0.21,4,4,2,2,3,8,1
35,0,26,1,3,1,3,4,0,8837,1,0.06,0.16,3,3,0,2,3,9,1
38,0,10,0,1,1,3,4,1,5343,1,0.05,0.11,3,3,1,1,3,10,1
36,0,11,1,2,1,2,4,1,6652,4,0.14,0.13,3,1,1,2,2,6,0
45,0,20,1,4,1,3,3,0,4850,8,0.20,0.15,3,3,0,3,3,5,0
40,0,2,1,3,1,3,3,1,2001,2,0.08,0.14,3,2,3,2,3,5,0
35,0,1,1,3,1,1,4,1,2977,1,0.06,0.12,3,4,1,5,3,4,1
29,0,28,1,4,1,2,1,0,3785,1,0.07,0.14,3,2,0,3,1,5,0
39,0,24,0,2,1,2,4,1,12031,0,0.03,0.11,3,1,1,2,2,20,9
26,0,5,1,4,1,2,3,0,2966,0,0.04,0.18,3,4,0,2,3,4,0
49,0,8,0,3,0,2,2,1,5130,1,0.04,0.23,4,4,1,3,3,10,1
37,1,2,0,4,0,2,3,0,2090,6,0.19,0.15,3,2,0,3,3,0,0
27,0,2,0,1,0,3,2,1,3468,9,0.37,0.12,3,4,1,3,3,2,2
32,0,2,0,4,0,3,4,0,3068,0,0.03,0.13,3,3,0,2,2,7,3
30,0,24,0,4,0,3,3,0,2693,1,0.07,0.22,4,2,1,2,3,1,0
38,0,23,1,4,0,2,3,0,9526,0,0.03,0.21,4,2,0,2,3,9,1
36,0,27,1,3,0,3,3,1,5237,6,0.19,0.13,3,2,2,3,2,7,7
35,0,16,1,1,0,4,2,1,2426,0,0.03,0.13,3,3,1,5,3,5,0
31,0,26,0,1,0,3,3,0,2911,1,0.06,0.17,3,4,1,1,2,5,4
34,0,19,0,2,0,3,4,0,2661,0,0.03,0.11,3,3,1,2,3,2,1
28,1,24,1,3,0,2,3,0,2028,5,0.21,0.14,3,2,0,4,3,4,0
32,0,5,0,1,0,4,2,0,3298,0,0.03,0.12,3,4,2,5,2,6,0
22,0,16,0,4,0,4,4,0,2935,1,0.09,0.13,3,2,2,2,2,1,0
38,0,2,1,4,0,3,4,0,3944,5,0.16,0.11,3,3,0,3,3,3,1
36,1,9,1,3,0,2,1,0,3407,7,0.22,0.23,4,2,0,4,3,5,0
21,0,15,0,3,0,3,4,0,1232,1,0.10,0.14,3,4,0,6,3,0,0
34,1,6,0,2,0,3,1,0,2960,2,0.09,0.11,3,3,0,2,3,4,1
42,0,8,1,3,0,3,2,1,6825,0,0.02,0.11,3,4,1,2,3,9,4
33,0,2,1,3,0,3,4,0,2496,4,0.15,0.11,3,4,0,3,3,1,0
44,0,10,1,4,0,3,4,1,6465,2,0.07,0.13,3,4,0,5,4,4,1
30,0,9,0,4,0,2,3,0,2206,1,0.07,0.13,3,1,0,5,3,10,1
39,1,5,1,4,0,3,4,1,2086,3,0.10,0.14,3,3,1,6,4,1,0
24,1,1,1,2,0,3,4,1,2293,2,0.13,0.16,3,1,1,2,2,2,2
50,1,3,0,1,0,2,3,1,2683,1,0.04,0.14,3,3,0,2,3,3,0
35,0,4,0,3,0,3,4,0,1951,1,0.06,0.12,3,3,1,3,3,1,0
26,1,25,1,1,0,1,3,0,2293,1,0.08,0.12,3,3,0,2,2,1,0
27,0,8,1,4,0,3,3,0,8726,1,0.07,0.15,3,4,0,0,3,9,1
34,0,23,1,2,0,3,3,0,4568,0,0.03,0.20,4,3,0,2,3,9,8
37,0,19,0,2,0,3,2,1,3022,4,0.14,0.21,4,1,0,1,3,1,0
46,0,5,1,1,0,3,4,0,5772,4,0.11,0.21,4,3,0,4,3,9,0
35,0,8,0,4,0,4,4,1,2269,1,0.06,0.19,3,4,0,2,3,1,0
48,1,1,0,1,0,2,3,0,5381,9,0.21,0.13,3,4,0,2,3,1,0
28,1,5,1,3,0,3,3,0,3441,1,0.07,0.13,3,3,0,3,2,2,2
35,0,11,0,3,0,2,1,1,9884,2,0.09,0.13,3,3,1,3,3,4,2
35,0,18,1,2,0,3,1,1,9069,1,0.06,0.22,4,4,1,3,2,9,1
31,0,7,1,4,0,3,4,0,5915,3,0.13,0.22,4,4,1,3,2,7,1
37,0,1,1,1,0,2,3,0,5993,1,0.05,0.18,3,3,1,2,4,7,0
32,0,1,1,1,0,3,4,1,6162,1,0.06,0.22,4,2,1,3,3,9,7
36,0,11,1,2,0,2,2,0,6499,1,0.06,0.13,3,3,0,3,3,6,0
45,0,7,1,2,0,3,1,0,9724,2,0.07,0.17,3,3,1,2,3,1,0
35,0,1,1,2,0,3,1,1,2194,4,0.14,0.13,3,4,1,2,2,3,1
36,1,9,1,4,0,2,3,1,3388,0,0.03,0.17,3,1,1,0,2,1,0
29,0,2,1,3,0,3,2,1,2703,0,0.03,0.23,4,4,1,3,3,5,0
31,0,1,1,3,0,3,2,0,2501,1,0.06,0.17,3,2,0,4,3,1,1
32,0,1,1,2,0,3,2,1,6220,1,0.06,0.17,3,2,2,3,3,10,0
35,0,1,1,3,0,2,1,0,4312,0,0.03,0.14,3,2,0,2,3,15,2
45,0,6,1,4,0,3,1,1,13245,4,0.11,0.14,3,2,0,3,4,0,0
37,0,7,1,1,0,3,3,0,13664,4,0.14,0.13,3,1,0,3,4,5,0
46,0,5,0,2,0,3,2,0,5021,8,0.20,0.22,4,4,1,2,3,4,0
30,0,1,0,4,0,2,4,1,5126,1,0.07,0.12,3,3,2,1,2,10,3
35,0,1,1,2,0,2,3,0,2859,1,0.06,0.18,3,1,0,3,3,6,0
55,0,1,0,1,0,3,4,1,10239,3,0.07,0.14,3,4,1,4,3,1,1
34,0,1,0,1,0,3,2,1,4325,1,0.06,0.15,3,3,0,2,3,5,1
56,0,7,1,4,0,1,4,0,7260,4,0.09,0.11,3,1,0,3,2,6,0
23,0,2,0,3,0,3,1,0,2322,3,0.17,0.13,3,3,1,3,3,0,0
51,0,9,1,4,0,3,4,1,2075,3,0.08,0.23,4,2,2,4,3,4,0
30,0,2,1,3,0,2,4,1,4152,1,0.07,0.19,3,1,3,3,3,11,10
46,1,9,0,3,0,2,4,0,9619,1,0.04,0.16,3,4,0,3,3,9,4
40,0,1,1,3,0,2,2,1,13503,1,0.05,0.22,4,4,1,3,2,22,11
51,0,21,1,3,0,3,4,0,5441,0,0.02,0.22,4,4,0,2,1,10,1
46,0,1,1,3,0,2,1,1,10673,2,0.07,0.13,3,3,1,5,2,10,9
32,0,6,1,2,0,3,3,0,5010,1,0.06,0.16,3,1,0,0,3,11,5
28,0,4,1,2,0,3,3,1,4221,1,0.07,0.15,3,2,0,3,4,5,0
58,0,10,1,4,0,3,3,0,13872,0,0.02,0.13,3,3,0,1,2,37,1
44,0,23,1,2,0,3,2,1,2042,4,0.11,0.12,3,3,1,3,4,3,1
37,1,6,1,3,0,3,1,0,2073,4,0.14,0.22,4,4,0,3,3,3,0
32,0,1,0,4,0,3,1,0,2956,1,0.06,0.13,3,4,0,2,3,1,0
37,0,2,0,3,0,2,4,0,5163,5,0.16,0.14,3,4,1,2,4,1,0
25,1,5,1,3,0,2,3,0,5744,1,0.08,0.11,3,4,0,1,3,6,0
25,0,7,0,4,0,2,4,1,2889,1,0.08,0.11,3,3,2,2,3,2,2
34,1,7,1,1,0,1,3,0,6074,1,0.06,0.24,4,4,0,3,3,9,0
24,0,18,0,2,0,3,3,1,2774,0,0.04,0.12,3,3,1,2,3,5,1
37,0,3,1,3,0,3,4,0,7428,2,0.08,0.12,3,1,0,3,3,5,1
43,0,26,0,3,0,3,4,1,16959,1,0.05,0.12,3,4,2,3,4,25,4
30,0,23,1,1,0,1,3,0,2613,1,0.07,0.25,4,3,3,2,2,10,0
33,0,22,0,3,0,3,2,1,6146,0,0.03,0.13,3,1,1,2,4,7,0
51,0,6,1,1,0,3,3,0,19537,7,0.16,0.13,3,3,0,5,3,20,15
31,1,6,1,2,0,1,3,1,6172,4,0.16,0.18,3,2,0,3,2,7,7
19,1,22,0,4,0,3,3,0,1675,1,0.11,0.19,3,4,0,2,2,0,0
22,0,2,0,3,0,3,4,1,2523,0,0.05,0.14,3,3,1,2,3,2,2
41,0,9,0,3,0,3,3,0,8189,3,0.10,0.13,3,3,1,2,3,9,0
36,0,6,0,2,0,3,2,0,4941,6,0.19,0.20,4,4,2,0,3,3,0
51,1,8,1,1,0,1,4,0,10650,2,0.06,0.15,3,4,0,2,3,4,0
25,0,28,1,1,0,2,3,1,8639,2,0.12,0.18,3,4,0,3,3,2,2
30,0,9,1,3,0,3,4,1,6347,0,0.03,0.19,3,4,0,2,1,11,4
45,0,29,1,3,0,3,4,0,3452,5,0.13,0.13,3,2,0,2,2,6,0
32,0,9,0,4,0,1,4,0,4668,0,0.03,0.17,3,4,3,2,4,8,0
30,0,2,0,2,0,2,4,0,2720,0,0.03,0.13,3,4,0,3,3,5,1
41,0,10,1,4,0,2,1,0,17181,4,0.12,0.13,3,2,1,2,2,7,7
41,0,9,1,3,0,3,1,1,2238,2,0.07,0.21,4,4,1,2,3,5,1
35,0,1,1,3,0,3,2,1,7295,1,0.06,0.13,3,1,2,3,3,10,0
53,0,6,0,2,0,3,3,1,2306,2,0.06,0.20,4,4,1,3,1,7,4
45,0,9,1,2,0,3,2,0,2348,8,0.20,0.18,3,3,1,2,1,17,0
29,0,1,0,4,0,3,3,1,4319,1,0.07,0.13,3,1,1,1,3,10,0
51,0,7,1,2,0,2,3,1,6132,2,0.06,0.17,3,3,0,2,3,1,0
40,0,4,1,3,0,2,4,1,10855,7,0.20,0.11,3,1,1,2,2,12,2
22,0,19,0,3,0,3,4,1,2323,1,0.09,0.24,4,1,2,6,3,2,2
27,0,9,1,4,0,3,2,0,2024,6,0.26,0.18,3,4,1,1,1,2,2
28,0,21,1,3,0,3,4,1,2713,1,0.07,0.11,3,3,1,2,1,5,0
57,0,24,0,3,0,4,4,0,9439,3,0.07,0.16,3,2,1,2,1,5,1
27,0,3,1,3,0,2,3,0,2566,1,0.07,0.15,3,4,1,2,2,1,0
41,0,14,1,1,0,3,3,0,2451,4,0.12,0.12,3,1,1,2,3,9,1
32,0,6,1,3,0,3,3,0,3038,3,0.13,0.20,4,1,0,2,3,5,1
27,0,17,1,3,0,3,2,1,3058,0,0.04,0.16,3,4,1,3,2,5,1
36,0,3,0,4,0,3,2,0,2088,4,0.14,0.12,3,3,0,3,2,8,7
30,0,9,1,3,0,3,1,0,3072,1,0.07,0.11,3,3,2,4,3,12,6
33,0,2,1,3,0,3,4,0,2500,0,0.03,0.14,3,1,0,2,4,3,0
19,1,2,1,2,0,2,4,0,1102,1,0.11,0.22,4,3,0,3,2,1,1
50,0,1,1,3,0,2,3,1,3690,2,0.06,0.15,3,4,1,2,2,3,0
55,0,14,1,3,0,4,2,0,18722,8,0.16,0.11,3,4,0,3,3,24,2
34,0,2,0,4,0,2,3,1,9547,1,0.06,0.17,3,3,0,2,2,10,1
52,0,1,1,3,0,2,3,1,19999,0,0.02,0.14,3,1,1,5,3,33,11
35,1,23,0,2,0,2,3,1,5916,3,0.11,0.13,3,1,0,1,3,1,0
43,0,7,1,4,0,4,4,0,2089,4,0.12,0.14,3,4,3,3,4,5,2
45,0,2,0,1,0,2,4,1,16792,9,0.22,0.23,4,4,1,1,3,20,11
37,0,21,1,2,0,4,1,1,3564,1,0.05,0.12,3,1,1,3,2,8,1
38,0,2,1,4,0,3,3,1,6553,9,0.26,0.14,3,2,0,3,3,1,0
38,0,29,1,4,0,3,4,1,6261,3,0.11,0.18,3,1,1,3,1,7,1
27,0,1,0,3,0,2,1,1,4298,5,0.22,0.19,3,3,1,1,3,2,2
49,0,18,1,4,0,3,4,0,6804,1,0.04,0.15,3,1,2,0,3,7,1
34,0,10,1,4,0,3,3,0,3815,1,0.06,0.17,3,4,1,4,4,5,2
40,0,19,0,3,0,3,4,1,2741,8,0.23,0.15,3,3,1,2,4,7,3
38,1,29,0,2,0,3,1,1,6673,7,0.21,0.19,3,2,0,2,3,1,0
22,0,5,1,4,0,4,2,0,2328,1,0.09,0.16,3,1,1,2,2,4,2
40,0,9,1,4,0,2,4,1,4876,9,0.25,0.14,3,4,1,5,1,3,0
46,0,1,1,4,0,3,1,0,9396,7,0.17,0.16,3,3,1,3,3,4,0
32,1,4,1,4,0,1,4,1,10400,1,0.06,0.11,3,3,0,2,2,14,9
30,0,1,0,3,0,2,3,0,8474,1,0.07,0.22,4,3,0,2,3,11,5
51,0,8,1,2,0,2,2,1,12490,5,0.12,0.16,3,4,2,5,1,10,4
29,1,1,1,3,0,3,3,0,2058,0,0.03,0.14,3,4,0,1,2,6,1
36,0,5,0,4,0,3,2,0,5914,8,0.25,0.16,3,4,0,3,4,13,3
37,0,11,1,2,0,3,4,0,12185,1,0.05,0.14,3,3,3,1,3,10,0
38,0,3,1,1,0,3,3,0,10609,0,0.03,0.12,3,3,2,6,2,16,5
31,0,1,1,3,0,1,3,1,4345,0,0.03,0.12,3,4,1,2,3,5,1
59,0,3,1,3,0,2,4,1,2177,3,0.07,0.17,3,1,1,6,3,1,0
37,0,4,1,1,0,3,4,0,2793,4,0.14,0.17,3,3,1,2,3,9,5
29,1,18,0,3,0,2,4,0,2389,1,0.07,0.13,3,3,0,3,2,4,0
42,0,4,0,3,0,3,4,1,19232,1,0.05,0.11,3,4,0,3,3,22,11
59,0,6,0,2,0,3,3,1,2267,8,0.15,0.17,3,4,0,2,2,2,2
33,1,14,1,3,0,3,4,1,2436,5,0.18,0.13,3,3,1,2,1,5,0
52,0,2,1,1,0,2,3,0,19068,1,0.04,0.18,3,4,0,2,4,33,15
32,1,1,1,4,0,2,3,0,3730,0,0.03,0.14,3,4,0,2,1,3,1
32,0,26,1,3,0,3,4,1,4465,0,0.03,0.18,3,1,0,2,3,3,2
41,0,19,0,3,0,3,1,0,3072,2,0.07,0.16,3,1,2,2,2,1,0
40,0,24,0,1,0,3,4,0,3319,1,0.05,0.17,3,1,2,3,3,9,4
45,0,1,1,3,0,4,4,1,19202,0,0.02,0.11,3,3,1,2,3,24,1
31,0,3,1,2,0,3,3,0,13675,9,0.32,0.12,3,1,1,3,3,2,2
34,0,2,1,4,0,2,1,1,5957,6,0.21,0.13,3,2,1,3,3,11,5
45,0,7,1,1,0,4,3,1,6434,4,0.11,0.17,3,4,1,1,3,3,0
37,1,10,1,1,0,3,3,0,10048,6,0.19,0.11,3,2,2,5,3,1,0
29,0,15,1,3,0,3,4,0,2340,1,0.07,0.19,3,1,0,1,3,6,1
29,0,20,0,4,0,3,4,0,6931,2,0.10,0.14,3,4,1,2,3,3,0
40,0,2,0,1,0,3,3,0,19436,0,0.03,0.19,3,4,1,5,3,21,3
51,0,1,1,3,0,3,4,1,2723,1,0.04,0.11,3,2,0,0,2,1,0
31,1,29,0,3,0,2,2,0,3479,0,0.03,0.11,3,2,0,2,4,5,1
32,0,7,1,2,0,4,2,1,2794,1,0.06,0.20,4,3,0,3,1,5,0
38,0,2,0,4,0,2,4,1,5249,3,0.11,0.18,3,4,1,0,3,8,7
32,0,2,0,4,0,2,1,0,2176,4,0.16,0.13,3,4,0,5,3,6,0
28,1,2,1,1,0,3,3,0,3485,2,0.11,0.11,3,3,0,5,1,0,0
29,0,2,1,1,0,2,2,1,6644,2,0.10,0.19,3,2,2,2,3,0,0
31,0,23,1,2,0,2,4,1,5582,0,0.03,0.21,4,2,1,2,3,9,7
25,0,5,0,2,0,4,1,0,4000,1,0.08,0.12,3,4,2,2,3,6,1
45,0,20,0,3,0,3,4,1,13496,0,0.02,0.14,3,2,0,2,3,20,4
36,0,6,1,4,0,3,4,1,3210,0,0.03,0.11,3,3,1,4,3,15,10
55,0,1,1,4,0,3,1,0,19045,0,0.02,0.14,3,3,0,2,3,36,4
47,1,29,1,1,0,3,2,1,11849,1,0.04,0.12,3,4,1,2,2,10,9
28,0,9,1,4,0,3,4,1,2070,1,0.07,0.23,4,4,1,3,2,5,0
37,0,6,1,3,0,3,4,1,6502,4,0.14,0.14,3,2,1,5,4,5,0
21,0,3,0,4,0,2,3,0,3230,1,0.10,0.17,3,1,0,4,4,3,1
50,0,4,0,1,0,3,2,0,19144,3,0.08,0.14,3,1,2,4,2,10,1
53,0,3,1,3,0,3,3,1,17584,3,0.08,0.16,3,4,3,5,2,5,1
42,0,1,0,2,0,3,3,1,4907,1,0.05,0.25,4,3,0,3,3,20,11
29,0,2,0,2,0,3,4,0,4554,1,0.07,0.18,3,1,0,3,2,10,0
55,0,20,0,2,0,3,4,1,5415,3,0.07,0.19,3,4,1,4,3,10,0
26,0,11,0,1,0,3,1,1,4741,1,0.08,0.13,3,3,1,3,3,5,3
44,1,24,1,4,0,3,3,0,3161,3,0.09,0.22,4,4,1,0,1,1,0
38,0,23,1,4,0,3,4,0,5745,9,0.26,0.14,3,2,1,2,3,2,1
26,1,16,1,1,0,3,2,0,2373,2,0.12,0.13,3,4,1,2,3,3,0
36,0,3,1,3,0,3,2,0,4485,4,0.14,0.12,3,4,0,2,3,8,7
26,1,4,1,4,0,2,4,0,5828,1,0.08,0.12,3,2,0,0,3,8,7
37,0,9,1,2,0,3,4,1,2326,1,0.05,0.12,3,3,3,3,2,4,1
18,1,3,1,3,0,3,3,0,1420,1,0.11,0.13,3,3,0,2,3,0,0
35,0,16,1,3,0,3,2,1,8020,0,0.03,0.15,3,3,2,3,2,11,6
36,0,18,1,3,0,4,4,1,3688,4,0.14,0.18,3,4,2,2,3,1,0
51,0,2,1,4,0,1,2,0,5482,5,0.12,0.18,3,4,1,3,3,4,1
41,0,2,1,4,0,3,2,0,16015,1,0.05,0.19,3,2,0,2,3,22,0
28,0,16,0,2,0,4,1,0,5661,0,0.04,0.19,3,3,0,2,3,8,0
31,0,7,1,2,0,4,4,1,6929,4,0.16,0.11,3,2,1,3,2,8,7
39,0,1,1,3,0,4,4,0,9613,0,0.03,0.17,3,1,3,5,2,18,3
32,0,7,1,4,0,2,3,1,5484,1,0.06,0.14,3,3,1,3,2,13,4
58,0,1,1,4,0,1,3,0,5660,2,0.05,0.13,3,4,1,2,3,5,1
31,0,5,1,3,0,3,4,1,4821,0,0.03,0.12,3,3,1,4,3,5,0
31,0,2,1,1,0,2,1,1,6410,3,0.13,0.12,3,4,0,1,3,2,1
45,0,7,1,1,0,3,1,0,5210,1,0.04,0.18,3,1,1,2,3,24,9
31,0,2,1,3,0,3,4,0,2695,0,0.03,0.18,3,2,1,2,1,2,2
39,0,10,0,3,0,3,1,1,17068,1,0.05,0.14,3,4,0,3,3,21,11
52,1,8,1,3,0,2,2,1,4941,2,0.06,0.15,3,1,0,3,2,8,7
27,0,2,1,4,0,3,3,0,4478,1,0.07,0.11,3,1,0,3,3,5,0
31,0,7,1,4,0,3,4,0,7547,4,0.16,0.12,3,4,3,3,3,7,1
28,1,2,1,1,0,1,4,1,3464,5,0.21,0.13,3,4,0,4,2,3,2
39,0,7,0,3,0,2,4,1,19272,1,0.05,0.15,3,1,1,2,3,21,13
33,0,10,1,2,0,2,4,0,4682,3,0.12,0.14,3,3,0,6,2,7,0
47,0,5,1,4,0,3,3,1,18300,4,0.11,0.11,3,2,1,2,3,3,1
27,0,1,0,3,0,3,2,1,6349,0,0.04,0.13,3,4,1,0,3,5,1
45,0,8,1,4,0,3,4,1,3697,9,0.22,0.14,3,1,2,3,3,10,9
40,0,1,0,2,0,1,4,1,7457,2,0.08,0.22,4,3,3,2,2,4,0
29,1,8,1,2,0,1,1,1,2119,1,0.07,0.11,3,4,0,4,2,7,0
29,0,9,1,2,0,2,4,0,3983,0,0.03,0.17,3,3,0,2,3,3,2
37,0,5,0,4,0,3,4,0,6347,7,0.22,0.16,3,3,2,2,2,6,0
38,0,15,0,3,0,2,4,0,11510,0,0.03,0.14,3,2,1,3,3,11,2
35,0,5,1,3,0,3,2,0,8095,0,0.03,0.13,3,4,0,5,3,16,0
23,0,26,0,3,0,3,4,0,2904,1,0.09,0.12,3,3,2,2,2,4,0
41,0,6,1,4,0,2,2,0,6032,6,0.17,0.15,3,4,0,3,3,5,1
47,0,4,0,2,0,3,3,0,2976,3,0.09,0.19,3,1,0,3,3,0,0
29,0,2,1,4,0,3,3,1,4649,1,0.07,0.14,3,1,1,3,2,4,0
42,0,2,0,3,0,3,3,0,2696,0,0.02,0.11,3,3,1,5,3,3,1
37,0,6,1,3,0,4,1,0,5974,4,0.14,0.13,3,1,2,2,3,7,6
26,0,1,1,3,0,3,3,1,5296,1,0.08,0.17,3,2,1,3,3,8,7
42,0,2,1,1,0,2,4,0,6781,3,0.10,0.23,4,2,0,6,3,1,0
36,0,3,1,1,0,2,4,1,9699,4,0.14,0.11,3,1,1,2,3,13,1
57,0,1,1,4,0,3,3,1,6755,2,0.05,0.11,3,3,0,2,3,3,1
21,0,9,0,1,0,3,4,0,2610,1,0.10,0.24,4,3,0,3,2,3,2
41,1,4,1,1,0,3,2,0,9355,1,0.05,0.18,3,3,0,5,3,8,7
50,0,10,1,4,0,2,4,0,10496,6,0.14,0.15,3,4,0,2,3,4,1
40,1,22,0,3,0,2,3,1,6380,2,0.08,0.12,3,1,2,6,3,6,1
31,0,9,1,3,0,2,2,0,2657,0,0.03,0.16,3,4,0,5,3,2,2
29,0,23,1,4,0,3,4,0,2201,9,0.34,0.16,3,4,0,4,3,3,1
35,0,9,1,3,0,2,2,0,6540,9,0.29,0.19,3,3,0,5,3,1,0
27,0,1,0,4,0,3,2,0,3816,1,0.07,0.11,3,2,1,2,3,5,0
28,0,9,1,2,0,3,4,0,5253,1,0.07,0.16,3,4,0,1,3,7,0
49,0,7,1,2,0,2,3,0,10965,8,0.18,0.24,4,3,0,2,3,5,0
34,1,19,1,1,0,4,4,0,5304,8,0.26,0.13,3,2,0,3,2,5,0
30,0,2,0,3,0,3,2,1,2476,1,0.07,0.18,3,1,1,3,3,1,0
26,1,3,0,3,0,3,1,0,3102,0,0.04,0.22,4,3,0,2,3,6,0
36,0,2,0,2,0,2,3,1,7596,1,0.06,0.13,3,2,2,2,3,10,9
30,1,4,1,3,0,3,4,0,2285,9,0.33,0.23,4,3,0,4,3,1,0
37,0,10,1,3,0,3,2,0,4197,2,0.08,0.12,3,4,0,2,2,1,0
43,0,12,1,1,0,2,2,0,14336,1,0.05,0.11,3,3,1,3,3,25,3
54,0,5,0,1,0,3,1,1,19406,4,0.09,0.11,3,3,1,4,2,4,1
43,0,21,1,4,0,3,4,1,2258,7,0.19,0.20,4,1,1,1,3,3,1
31,0,1,0,4,0,2,1,1,2218,1,0.06,0.12,3,3,1,3,3,4,3
39,0,1,0,2,0,3,3,0,19197,1,0.05,0.14,3,3,1,3,3,21,1
41,0,1,1,2,0,4,1,1,8392,1,0.05,0.16,3,3,1,2,3,10,0
28,0,17,0,3,0,3,1,0,4558,1,0.07,0.12,3,4,1,2,3,10,1
25,1,3,1,1,0,3,1,1,4031,5,0.24,0.13,3,3,1,5,3,2,0
52,0,3,1,4,0,2,3,1,7969,2,0.06,0.14,3,3,0,4,3,5,0
45,0,10,0,1,0,3,4,1,2654,3,0.09,0.21,4,4,2,3,2,2,0
38,0,2,0,4,0,3,4,1,1702,1,0.05,0.23,4,3,1,3,3,1,0
30,0,3,1,3,0,3,4,1,2097,4,0.17,0.15,3,3,1,3,1,5,1
29,0,3,1,2,0,2,3,1,11935,1,0.07,0.18,3,3,0,2,3,10,0
19,1,2,0,1,0,2,4,0,2564,1,0.11,0.12,3,3,0,3,4,1,0
57,0,29,1,1,0,2,4,0,14118,3,0.07,0.12,3,3,1,3,2,1,0
50,0,29,1,2,0,2,3,1,17046,0,0.02,0.15,3,2,1,2,3,27,15
46,0,2,1,1,0,3,3,1,17861,6,0.15,0.13,3,3,0,2,1,3,0
35,0,22,1,4,0,1,3,0,4230,0,0.03,0.15,3,3,0,2,3,5,4
34,0,2,1,4,0,2,3,0,2768,3,0.12,0.12,3,3,1,3,3,7,5
31,0,9,0,3,0,3,2,0,10648,1,0.06,0.25,4,4,1,6,4,13,0
33,1,15,0,2,0,3,3,1,13610,7,0.24,0.12,3,4,0,2,4,7,7
33,1,10,0,1,0,1,4,0,3408,7,0.24,0.13,3,1,3,2,3,4,1
30,0,7,0,4,0,3,2,0,2983,0,0.03,0.14,3,1,0,3,3,3,1
35,0,16,1,4,0,3,3,1,7632,4,0.14,0.12,3,3,0,2,3,8,0
31,1,20,1,1,0,3,3,1,9824,3,0.13,0.12,3,1,0,2,3,1,0
42,0,5,0,2,0,3,3,1,2093,4,0.12,0.17,3,4,1,4,3,2,2
36,0,10,1,2,0,3,4,0,9980,1,0.06,0.14,3,4,0,3,2,10,9
22,1,4,0,3,0,2,3,0,3894,5,0.27,0.16,3,3,0,3,3,2,1
41,0,10,0,4,0,3,4,0,6230,7,0.20,0.14,3,4,0,3,3,14,1
35,0,1,1,2,0,3,3,1,4717,9,0.29,0.11,3,3,0,2,3,11,6
31,0,2,0,2,0,3,4,0,6582,4,0.16,0.13,3,3,0,2,4,6,0
42,0,24,1,4,0,3,1,1,7406,1,0.05,0.21,4,4,1,5,2,10,5
45,0,2,1,4,0,3,2,1,4805,0,0.02,0.19,3,2,1,3,4,8,3
29,0,19,1,4,0,3,4,0,4262,4,0.17,0.12,3,2,2,2,4,3,1
31,0,7,1,3,0,2,4,0,11557,9,0.32,0.21,4,3,1,3,2,5,0
18,1,5,1,2,0,3,2,0,1878,1,0.11,0.14,3,4,0,3,3,0,0
40,0,28,1,3,0,1,1,0,10932,3,0.10,0.15,3,3,1,2,3,1,0
26,0,29,0,1,0,3,3,0,4306,5,0.23,0.12,3,1,2,5,3,0,0
34,0,21,1,4,0,4,4,0,5337,1,0.06,0.12,3,4,0,3,3,10,5
26,1,24,1,3,0,1,4,0,2340,1,0.08,0.18,3,2,0,3,1,1,0
37,0,9,1,1,0,3,2,0,8834,1,0.05,0.13,3,4,1,6,3,9,7
52,0,6,0,4,0,3,1,0,5577,3,0.08,0.12,3,2,2,3,3,10,6
32,1,11,1,4,0,4,3,1,4707,8,0.28,0.12,3,4,0,2,3,4,1
24,0,24,1,4,0,3,4,1,2400,0,0.04,0.13,3,3,2,3,3,2,2
49,0,18,1,4,0,2,3,0,19502,1,0.04,0.17,3,3,1,5,3,31,0
24,0,23,1,2,0,4,4,1,2725,1,0.08,0.11,3,2,2,3,3,6,1
26,0,28,0,1,0,3,2,1,6272,1,0.08,0.20,4,4,2,5,4,5,1
24,0,17,0,4,0,2,2,1,2127,1,0.08,0.21,4,4,1,2,3,1,0
50,0,3,1,1,0,3,2,1,18200,1,0.04,0.11,3,3,1,2,3,32,10
25,0,13,0,2,0,3,3,1,2096,1,0.08,0.11,3,3,0,1,3,7,0
30,1,12,1,2,0,2,1,1,2033,1,0.07,0.18,3,3,1,2,4,1,0
34,0,1,0,2,0,2,4,1,3622,1,0.06,0.13,3,4,1,3,3,6,1
31,1,13,1,2,0,3,1,0,4233,2,0.10,0.17,3,3,0,2,1,3,1
35,0,25,0,1,0,2,4,0,3681,4,0.14,0.14,3,4,0,3,3,3,0
31,0,6,1,1,0,4,4,0,5460,4,0.16,0.22,4,4,2,4,4,7,5
37,0,2,1,4,0,3,3,1,9602,4,0.14,0.11,3,3,1,3,2,3,1
43,0,6,1,2,0,2,4,0,16627,4,0.12,0.14,3,3,1,3,2,1,0
43,0,9,1,4,0,3,3,0,5679,3,0.09,0.13,3,2,1,3,3,8,4
27,1,2,0,3,0,3,1,0,3041,0,0.04,0.11,3,2,1,3,3,4,0
21,0,22,0,3,0,3,3,0,3447,1,0.10,0.11,3,3,0,2,3,3,1
44,0,3,1,4,0,3,4,1,19513,4,0.11,0.12,3,1,1,2,4,2,0
22,0,6,0,1,0,3,3,1,2773,0,0.05,0.20,4,4,0,3,3,2,2
33,0,8,1,3,0,3,3,0,7104,0,0.03,0.12,3,4,0,3,3,5,1
34,0,1,1,2,0,3,4,1,2691,1,0.06,0.12,3,4,1,4,2,10,8
37,0,3,1,3,0,3,3,1,9434,1,0.05,0.15,3,3,1,2,3,10,7
35,0,6,1,2,0,1,4,0,6646,1,0.06,0.13,3,2,0,3,3,17,11
33,0,6,1,3,0,3,4,0,7725,3,0.12,0.23,4,3,1,2,1,13,4
54,0,19,1,3,0,3,2,1,10725,2,0.06,0.15,3,3,1,1,4,9,7
36,0,9,0,2,0,2,2,0,8847,2,0.08,0.11,3,3,1,2,3,3,0
27,0,3,1,1,0,2,4,0,2045,0,0.04,0.13,3,4,0,0,3,4,1
20,1,10,0,4,0,3,3,0,1009,1,0.10,0.11,3,4,0,5,3,1,1
33,1,3,1,1,0,3,1,0,3348,1,0.06,0.11,3,1,0,3,3,10,9
35,0,3,1,3,0,2,3,1,1281,1,0.06,0.18,3,3,2,3,3,1,0
23,0,4,1,1,0,4,1,1,2819,2,0.13,0.16,3,1,1,3,4,3,0
25,0,8,1,4,0,4,2,1,4851,0,0.04,0.22,4,3,1,4,3,3,1
29,0,1,1,2,0,1,4,0,2720,1,0.07,0.18,3,4,1,5,3,10,2
48,0,2,0,2,0,4,2,1,8120,3,0.08,0.12,3,4,0,3,3,2,2
37,0,10,0,4,0,4,4,0,4680,3,0.11,0.17,3,1,0,2,3,1,0
50,0,28,0,4,0,4,3,1,3221,1,0.04,0.11,3,3,3,3,3,20,3
32,0,10,1,4,0,3,4,0,5396,1,0.06,0.12,3,4,0,2,2,10,0
50,1,8,0,2,0,3,3,1,6796,3,0.08,0.14,3,1,1,4,3,4,1
47,0,14,1,4,0,3,1,0,4960,2,0.06,0.12,3,4,0,2,3,7,1
40,0,5,1,4,0,2,1,1,10475,5,0.15,0.21,4,3,1,2,3,18,1
53,0,7,1,3,0,4,3,1,14814,3,0.08,0.19,3,3,0,3,3,5,1
41,0,10,1,2,0,2,4,0,19141,3,0.10,0.15,3,2,3,2,2,21,12
60,0,16,1,1,0,3,1,0,5405,8,0.15,0.14,3,4,0,1,3,2,2
27,0,10,0,4,0,3,1,0,8793,1,0.07,0.21,4,3,2,4,2,9,1
41,0,1,1,4,0,2,3,1,19189,1,0.05,0.12,3,2,1,3,3,22,2
50,0,8,1,4,0,3,2,1,3875,7,0.16,0.15,3,4,1,2,3,2,2
44,0,24,1,1,0,1,3,0,3708,2,0.07,0.14,3,3,0,5,3,5,1
30,0,27,1,3,0,3,4,0,5304,7,0.27,0.23,4,4,1,2,2,8,7
29,0,10,1,3,0,3,3,0,2642,1,0.07,0.11,3,3,0,6,3,1,0
42,1,19,1,3,0,4,3,0,2759,6,0.17,0.12,3,4,0,2,3,2,2
43,0,15,1,4,0,2,4,1,6804,3,0.09,0.18,3,3,1,5,3,2,2
23,0,9,0,2,0,3,1,1,2500,1,0.09,0.14,3,4,1,2,4,4,0
56,0,9,1,3,0,3,4,1,11103,7,0.14,0.11,3,3,0,1,2,10,1
29,0,10,1,4,0,3,2,0,2297,1,0.07,0.14,3,4,2,2,3,2,2
53,0,6,1,4,0,3,4,0,2450,2,0.06,0.17,3,4,0,4,3,2,2
32,0,24,1,1,0,3,4,1,5309,1,0.06,0.15,3,4,2,2,3,10,4
38,0,2,1,4,0,3,3,1,3057,6,0.18,0.13,3,2,1,0,1,1,0
52,0,3,1,3,0,2,1,1,16856,1,0.04,0.11,3,1,0,3,4,34,1
33,1,1,1,4,0,3,4,0,2686,1,0.06,0.13,3,3,0,2,2,10,7
45,0,2,0,2,0,1,3,0,6632,0,0.02,0.13,3,1,0,3,3,8,3
23,0,10,0,1,0,4,3,0,3505,1,0.09,0.18,3,4,0,3,3,2,0
34,0,2,1,4,0,3,4,0,6274,1,0.06,0.22,4,3,0,5,3,6,1
55,1,2,1,4,0,3,1,1,19859,5,0.11,0.13,3,4,1,2,3,5,1
36,0,8,1,1,0,2,1,0,7587,1,0.06,0.15,3,2,0,1,3,10,0
52,0,19,1,4,0,3,4,1,4258,0,0.02,0.18,3,1,1,3,3,4,1
26,1,8,1,4,0,2,1,0,5326,6,0.27,0.17,3,3,0,2,2,4,1
27,0,8,0,3,0,3,4,1,4342,0,0.04,0.19,3,2,1,3,3,4,1
30,0,1,1,4,0,1,3,1,3833,3,0.13,0.21,4,3,2,2,3,2,0
42,0,8,1,2,0,3,4,0,18430,1,0.05,0.13,3,2,1,4,2,24,14
23,1,6,1,3,0,4,1,1,1601,1,0.09,0.21,4,3,2,2,3,0,0
24,0,9,1,3,0,2,2,0,2694,1,0.08,0.11,3,3,3,4,3,1,0
50,0,2,1,3,0,3,3,1,17639,5,0.12,0.16,3,4,0,3,3,4,0
33,0,7,1,3,0,3,3,1,11691,0,0.03,0.11,3,4,0,3,4,13,3
29,0,23,0,3,0,4,3,1,2700,1,0.07,0.24,4,3,1,3,3,10,0
58,1,2,1,4,0,3,2,0,19246,7,0.14,0.12,3,4,0,2,3,31,13
28,1,2,1,3,0,3,3,0,4382,6,0.25,0.17,3,4,0,3,2,2,2
36,0,13,1,3,0,3,2,1,2143,4,0.14,0.13,3,2,1,2,3,5,0
40,0,16,1,1,0,2,3,0,5094,6,0.18,0.14,3,4,0,6,3,1,0
42,0,29,1,2,0,3,2,1,4434,1,0.05,0.13,3,4,1,3,2,9,7
38,0,12,1,1,0,2,1,0,6288,2,0.08,0.15,3,3,1,3,2,4,1
55,1,2,0,3,0,3,4,0,5160,4,0.09,0.16,3,3,0,3,2,9,7
43,0,14,0,2,0,3,1,1,17159,6,0.16,0.24,4,3,1,3,3,4,1
27,0,5,0,3,0,2,4,0,12808,1,0.07,0.16,3,2,1,3,3,9,0
35,0,7,1,3,0,3,3,0,10221,3,0.11,0.21,4,2,0,3,4,8,1
34,0,3,0,3,0,3,4,1,3737,0,0.03,0.19,3,3,1,1,1,3,0
27,0,3,1,4,0,3,4,1,1706,1,0.07,0.11,3,3,3,6,2,0,0
44,0,4,1,4,0,3,2,0,5933,9,0.23,0.12,3,4,0,2,2,5,2
25,0,2,0,1,0,4,1,0,3424,7,0.32,0.13,3,3,0,3,2,4,0
33,0,1,1,1,0,4,1,0,4037,1,0.06,0.22,4,1,1,5,3,9,0
36,0,1,0,2,0,3,4,1,6201,1,0.06,0.14,3,4,1,1,2,18,4
32,0,13,1,2,0,3,4,0,4403,2,0.09,0.11,3,3,1,3,2,5,0
30,0,5,1,2,0,2,4,0,3761,9,0.33,0.12,3,2,1,3,2,5,0
45,0,9,1,4,0,3,1,0,10761,4,0.11,0.12,3,3,1,2,3,5,0
37,0,16,1,4,0,2,3,0,6334,4,0.14,0.19,3,4,2,2,3,1,0
28,0,8,0,2,0,2,4,0,4936,1,0.07,0.13,3,4,1,6,3,5,0
22,0,1,0,4,0,2,4,1,4775,6,0.32,0.22,4,1,2,2,1,2,2
44,0,8,1,1,0,4,4,1,2818,2,0.07,0.24,4,3,1,2,2,3,0
42,0,2,0,2,0,3,4,0,2515,5,0.14,0.14,3,4,0,2,3,2,2
36,0,8,1,1,0,2,1,1,2342,0,0.03,0.21,4,3,0,3,3,5,0
25,0,3,0,3,0,3,1,1,4194,1,0.08,0.18,3,4,0,3,3,5,0
32,0,1,1,4,0,3,4,0,2314,0,0.03,0.12,3,2,1,2,3,3,0
25,0,4,0,3,0,2,1,1,4256,1,0.08,0.12,3,1,0,1,4,5,0
24,0,4,0,1,0,2,4,1,3162,0,0.04,0.17,3,4,0,2,2,5,3
32,0,5,0,2,0,3,2,1,6524,1,0.06,0.14,3,4,1,3,3,10,5
38,0,9,1,2,0,2,2,1,2899,0,0.03,0.19,3,4,1,3,3,2,1
31,0,11,1,4,0,3,4,1,2356,3,0.13,0.19,3,2,1,2,3,6,0
53,0,8,1,1,0,3,4,1,11836,5,0.11,0.14,3,3,1,3,3,2,2
35,0,25,1,4,0,2,2,1,10903,3,0.11,0.16,3,1,0,2,3,13,4
37,0,19,0,1,0,3,2,0,7642,1,0.05,0.13,3,4,0,2,3,10,0
50,0,2,1,1,0,3,1,0,17924,1,0.04,0.11,3,4,1,3,3,31,14
33,0,3,0,4,0,3,2,0,2277,3,0.12,0.11,3,3,1,4,4,4,0
32,1,25,1,1,0,3,4,0,2795,1,0.06,0.24,4,3,0,2,1,1,0
44,0,9,0,2,0,3,1,1,2559,1,0.05,0.13,3,4,0,0,3,8,7
28,0,5,1,1,0,3,4,0,4908,1,0.07,0.14,3,2,0,3,3,4,0
58,1,2,0,4,0,2,4,0,2380,9,0.17,0.14,3,4,1,3,2,1,0
36,0,14,0,3,0,3,4,1,6586,0,0.03,0.17,3,1,1,2,2,16,4
39,1,6,1,4,0,3,1,1,2404,7,0.21,0.21,4,4,0,2,1,2,2
34,0,10,1,2,0,3,2,0,2008,1,0.06,0.14,3,2,2,3,3,1,1
33,0,1,1,3,0,2,1,0,2799,3,0.12,0.11,3,2,0,1,3,3,0
31,0,7,1,2,0,2,3,1,2329,3,0.13,0.15,3,2,0,2,4,7,5
48,0,20,1,4,0,3,3,1,2259,4,0.10,0.17,3,1,2,2,2,0,0
36,0,7,1,2,0,3,4,0,4678,2,0.08,0.18,3,3,0,6,3,6,0
25,1,19,0,3,0,2,2,1,2413,1,0.08,0.18,3,3,3,2,3,1,0
40,0,10,1,1,0,2,2,0,9705,2,0.08,0.12,3,2,1,2,2,1,0
26,0,1,1,3,0,2,1,0,4294,1,0.08,0.12,3,2,0,2,3,7,0
41,0,6,1,4,0,3,1,0,4721,2,0.07,0.13,3,3,0,3,3,18,2
36,0,2,1,3,0,3,3,0,2519,4,0.14,0.21,4,3,0,6,3,11,3
19,1,21,1,4,0,2,2,0,2121,1,0.11,0.13,3,2,0,3,4,1,0
20,1,4,1,1,0,3,1,0,2973,1,0.10,0.19,3,2,0,2,3,1,0
40,0,9,1,4,0,3,2,0,3617,8,0.23,0.14,3,4,1,2,3,1,0
36,1,3,0,3,0,2,4,1,10325,1,0.06,0.11,3,1,1,6,3,16,3
37,1,1,1,1,0,2,3,1,10609,5,0.16,0.11,3,3,0,2,1,14,11
45,0,4,0,3,0,3,2,1,4447,1,0.04,0.12,3,2,0,5,2,9,0
52,0,1,0,4,0,3,4,1,17099,2,0.06,0.15,3,2,1,2,2,9,7
58,1,2,1,4,0,3,3,0,2479,4,0.09,0.24,4,1,0,4,3,1,0
53,0,2,0,3,0,3,3,0,14852,6,0.13,0.13,3,3,1,3,4,17,15
30,0,8,0,3,0,3,3,0,7264,5,0.20,0.11,3,1,1,2,4,8,7
35,0,3,1,4,0,3,4,0,7823,6,0.20,0.13,3,2,1,2,3,10,0
39,0,2,1,1,0,4,3,0,7880,0,0.03,0.18,3,4,0,3,3,8,0
47,0,16,1,3,0,4,3,0,5067,1,0.04,0.19,3,3,0,3,4,19,2
36,0,8,1,1,0,3,4,0,5079,4,0.14,0.13,3,4,2,3,3,7,0
31,1,9,0,3,0,2,1,0,2321,0,0.03,0.22,4,1,0,0,3,3,1
33,0,17,1,4,0,3,3,0,17444,1,0.06,0.11,3,4,0,2,3,10,6
50,0,1,0,4,0,3,4,0,17399,9,0.20,0.22,4,3,1,1,2,5,1
41,0,9,1,1,0,3,3,0,19419,2,0.07,0.17,3,2,1,2,4,18,0
45,0,23,0,4,0,3,1,1,3633,1,0.04,0.15,3,3,1,2,3,9,0
50,0,24,1,4,0,3,3,1,13973,3,0.08,0.18,3,4,1,2,3,12,1
38,0,10,0,3,0,3,3,1,2684,0,0.03,0.17,3,2,1,0,2,2,0
46,0,7,0,4,0,3,3,0,10845,6,0.15,0.13,3,2,1,3,3,8,0
35,1,14,1,3,0,2,2,0,3743,1,0.06,0.24,4,4,1,2,1,4,0
18,0,5,0,2,0,3,4,0,1051,1,0.11,0.15,3,4,0,2,3,0,0
26,0,2,0,4,0,4,4,1,5472,1,0.08,0.12,3,2,0,2,3,8,1
22,0,8,0,2,0,1,1,1,2451,1,0.09,0.15,3,1,1,3,2,4,1
48,0,6,1,1,0,2,3,0,4240,2,0.06,0.13,3,4,0,0,3,2,2
48,0,4,1,3,0,2,3,0,10999,7,0.17,0.14,3,2,0,3,3,15,4
35,0,10,1,2,0,3,4,0,3917,1,0.06,0.20,4,1,1,4,2,3,1
42,0,5,0,4,0,3,3,1,18303,6,0.17,0.13,3,2,0,3,4,1,0
50,0,9,1,1,0,3,4,1,2380,4,0.10,0.18,3,2,0,5,3,1,0
55,0,18,1,3,0,3,2,1,6385,3,0.07,0.14,3,4,2,3,3,8,6
38,0,3,1,2,0,3,4,0,6861,8,0.24,0.12,3,3,0,1,3,1,0
26,1,29,0,2,0,1,1,0,4969,8,0.35,0.18,3,4,0,6,3,2,2
34,0,1,1,2,0,4,4,0,9725,0,0.03,0.11,3,4,1,2,2,15,0
59,0,1,0,2,0,3,4,1,11904,3,0.07,0.14,3,3,1,1,1,6,0
45,0,24,1,2,0,3,2,0,2177,1,0.04,0.16,3,1,0,3,3,6,0
36,1,15,1,1,0,3,3,0,4834,7,0.22,0.14,3,2,1,3,2,1,0
26,1,2,1,1,0,3,1,1,2042,6,0.27,0.14,3,2,1,2,3,3,1
28,0,10,0,4,0,3,2,1,1052,1,0.07,0.22,4,2,0,5,3,1,0
38,0,3,1,3,0,3,3,1,2821,3,0.11,0.16,3,1,1,2,3,2,2
50,0,2,1,2,0,3,3,1,19237,2,0.06,0.11,3,4,1,2,2,8,7
40,0,26,1,3,0,3,1,1,8396,1,0.05,0.14,3,2,1,3,2,7,7
46,0,1,1,4,0,3,4,0,19627,9,0.22,0.17,3,4,2,0,3,2,2
55,0,2,0,3,0,2,1,0,16756,7,0.15,0.15,3,2,0,3,4,9,6
43,0,25,1,3,0,2,4,0,10798,5,0.14,0.13,3,3,1,5,3,1,0
51,1,4,1,1,0,3,3,1,2461,9,0.20,0.12,3,3,3,2,4,10,2
28,1,24,0,2,0,2,1,0,8722,1,0.07,0.12,3,1,0,2,2,10,1
26,0,1,0,1,0,2,1,1,3955,1,0.08,0.16,3,1,2,2,3,5,1
30,0,20,1,3,0,3,1,1,9957,0,0.03,0.15,3,3,1,1,2,6,0
40,0,20,1,1,0,3,4,1,10322,4,0.13,0.20,4,4,1,6,3,11,11
27,0,8,1,1,0,1,3,1,4621,1,0.07,0.19,3,4,3,4,3,3,1
55,0,2,0,4,0,3,2,1,10976,3,0.07,0.18,3,2,1,4,3,3,1
44,1,1,0,2,0,2,1,1,10482,9,0.23,0.14,3,4,1,1,3,20,3
33,0,5,1,4,0,2,4,0,7119,4,0.15,0.15,3,3,1,2,3,3,1
35,1,4,1,4,0,3,1,0,9582,0,0.03,0.22,4,1,0,2,3,8,4
28,0,15,0,1,0,3,3,0,2207,1,0.07,0.16,3,4,1,5,2,4,2
34,0,3,0,1,0,3,4,0,7756,0,0.03,0.17,3,3,0,1,2,6,0
25,1,4,0,4,0,3,4,1,3691,1,0.08,0.15,3,2,1,3,4,7,5
26,1,21,1,1,0,3,3,0,2377,1,0.08,0.20,4,3,1,0,2,1,0
33,1,25,1,1,0,2,2,0,2313,4,0.15,0.20,4,2,0,0,3,2,2
42,0,2,0,4,0,3,1,1,17665,0,0.02,0.17,3,4,1,3,3,22,13
28,1,1,1,1,0,2,2,0,2596,1,0.07,0.15,3,1,2,2,3,1,0
50,1,1,1,4,0,3,3,0,4728,3,0.08,0.14,3,4,0,4,3,0,0
34,0,3,1,3,0,2,4,1,2979,3,0.12,0.17,3,4,3,2,3,0,0
48,0,1,1,1,0,4,4,0,16885,2,0.06,0.22,4,3,0,3,2,5,2
52,0,7,1,2,0,3,2,0,10445,7,0.15,0.19,3,4,0,4,3,8,4
38,0,10,1,3,0,2,3,0,8740,0,0.03,0.14,3,2,2,2,3,8,2
46,0,3,0,1,0,3,3,1,17465,3,0.09,0.12,3,4,1,3,3,12,4
38,0,2,0,4,0,3,2,0,7351,7,0.21,0.16,3,3,0,2,3,1,0
39,1,2,1,1,0,3,4,0,12169,7,0.21,0.11,3,4,3,4,3,18,11
40,0,14,1,3,0,2,3,0,19626,1,0.05,0.14,3,1,0,2,4,20,4
39,0,9,1,3,0,3,2,0,6782,9,0.26,0.15,3,3,0,2,2,5,0
36,0,18,1,1,0,3,4,0,7779,2,0.08,0.20,4,1,0,0,3,11,0
31,0,20,1,3,0,4,4,1,2791,0,0.03,0.12,3,1,1,4,3,2,2
28,0,2,0,1,0,2,2,1,3201,0,0.04,0.17,3,1,0,2,1,5,0
35,0,11,0,4,0,3,4,0,4968,1,0.06,0.11,3,4,1,3,3,5,0
49,0,8,1,4,0,2,2,1,13120,6,0.14,0.17,3,2,1,3,3,9,2
34,0,2,0,4,0,3,3,0,4033,2,0.09,0.11,3,4,0,3,2,3,0
42,0,29,1,2,0,1,4,0,4272,4,0.12,0.19,3,1,0,3,3,1,0
29,0,8,0,2,0,2,4,1,5056,1,0.07,0.15,3,3,1,2,2,10,1
38,0,1,1,3,0,4,3,1,2844,1,0.05,0.13,3,4,1,2,4,7,5
28,0,6,1,3,0,2,3,0,2703,1,0.07,0.14,3,4,1,2,3,3,0
18,1,8,0,3,0,3,3,0,1904,1,0.11,0.12,3,4,0,0,3,0,0
41,0,12,1,2,0,3,4,1,4766,3,0.10,0.11,3,1,1,4,3,1,0
31,1,15,1,3,0,3,3,1,2610,1,0.06,0.12,3,3,1,5,2,2,2
27,0,6,1,4,0,2,3,1,2539,1,0.07,0.13,3,3,1,0,3,4,2
35,0,8,1,3,0,3,3,0,4323,1,0.06,0.17,3,2,0,2,1,5,1
42,1,12,1,3,0,3,1,0,13758,0,0.02,0.12,3,2,0,2,2,21,13
42,0,4,1,2,0,3,1,0,5155,7,0.19,0.13,3,4,0,3,4,6,1
35,0,1,1,4,0,2,3,1,2258,6,0.20,0.12,3,2,1,2,3,8,1
24,0,24,1,4,0,3,2,0,3597,8,0.38,0.22,4,4,0,2,3,4,1
26,0,3,1,1,0,4,4,1,4420,1,0.08,0.22,4,2,1,2,3,8,0
30,0,10,1,3,0,2,3,1,6578,1,0.07,0.18,3,1,1,3,3,10,1
35,0,2,1,3,0,2,2,0,10274,2,0.09,0.18,3,2,1,2,4,7,6
34,0,1,1,4,0,2,1,0,5343,0,0.03,0.20,4,3,0,3,3,13,4
35,0,4,1,4,0,2,4,1,2376,1,0.06,0.13,3,2,1,2,4,2,2
19,0,9,0,3,0,3,1,0,2552,1,0.11,0.25,4,3,0,4,3,1,0
20,0,3,1,1,0,2,3,0,3033,1,0.10,0.12,3,1,0,2,2,2,1
44,1,10,1,3,0,3,3,0,2936,1,0.05,0.11,3,3,0,4,3,6,0
22,1,3,1,3,0,2,4,1,2853,0,0.05,0.11,3,2,1,5,3,0,0
44,0,17,1,4,0,1,3,0,2290,2,0.07,0.13,3,4,0,3,3,0,0
33,0,2,1,2,0,3,3,1,3600,1,0.06,0.13,3,4,1,2,3,5,1
41,1,5,0,1,0,2,1,0,2107,6,0.17,0.17,3,1,1,2,1,1,0
30,0,29,1,3,0,3,1,0,4115,8,0.30,0.19,3,3,3,3,3,4,0
40,0,2,1,2,0,3,2,1,4327,5,0.15,0.12,3,4,3,2,3,0,0
28,0,19,1,4,0,2,1,1,3196,1,0.07,0.12,3,3,3,2,3,6,3
46,0,15,0,4,0,3,2,1,19081,5,0.13,0.11,3,1,1,2,3,4,0
35,0,17,1,3,0,3,1,1,8966,3,0.11,0.15,3,4,3,2,3,7,1
36,0,6,1,3,0,1,3,0,2741,1,0.06,0.14,3,3,1,4,3,7,1
30,0,7,1,3,0,3,3,0,3491,1,0.07,0.13,3,1,3,4,2,10,8
44,0,29,1,4,0,3,4,0,4541,1,0.05,0.25,4,2,0,3,3,20,13
20,0,21,1,3,0,4,4,0,2678,1,0.10,0.17,3,4,0,2,3,2,2
46,0,2,1,4,0,3,4,0,7379,2,0.07,0.11,3,3,1,3,2,6,1
42,0,2,1,4,0,4,1,1,6272,7,0.19,0.16,3,1,1,3,4,4,0
60,0,7,1,2,0,4,4,0,5220,0,0.02,0.18,3,2,1,3,3,11,1
33,0,9,1,1,0,3,4,1,2781,0,0.03,0.13,3,2,1,5,3,14,4
25,0,10,1,3,0,3,4,0,4950,0,0.04,0.14,3,2,0,4,3,4,1
30,0,1,1,4,0,3,2,1,3579,0,0.03,0.21,4,1,1,2,3,11,5
27,0,14,1,1,0,3,1,1,2235,1,0.07,0.14,3,4,2,3,2,9,6
54,0,3,1,4,0,3,4,1,17779,3,0.07,0.14,3,1,0,2,3,10,0
31,0,11,0,3,0,3,1,1,6833,1,0.06,0.12,3,4,0,2,2,6,0
43,0,3,1,3,0,1,4,1,19740,3,0.09,0.14,3,2,1,2,3,8,0
49,0,4,0,1,0,2,3,1,18711,2,0.06,0.13,3,3,1,2,4,1,0
36,0,3,1,3,0,3,2,1,3692,1,0.06,0.12,3,3,0,2,2,11,0
48,0,2,0,4,0,4,2,0,2559,5,0.13,0.11,3,3,0,4,2,1,0
27,0,4,0,1,0,3,3,0,2517,1,0.07,0.11,3,2,3,2,3,5,0
29,0,7,1,3,0,3,4,0,6623,1,0.07,0.11,3,2,2,2,3,6,1
48,0,1,1,4,0,2,4,0,18265,6,0.15,0.12,3,3,0,3,4,1,0
44,0,5,1,2,0,3,2,1,18213,7,0.18,0.11,3,3,1,5,3,22,3
33,0,10,1,4,0,4,3,0,8380,0,0.03,0.14,3,4,2,3,3,9,0
23,0,1,0,4,0,3,3,1,1223,1,0.09,0.22,4,4,1,2,3,1,0
25,1,24,0,3,0,1,4,0,1118,1,0.08,0.14,3,4,0,4,3,1,1
26,0,4,0,3,0,3,4,0,2875,1,0.08,0.20,4,2,0,2,2,8,2
55,0,8,0,4,0,2,2,0,13577,1,0.04,0.15,3,4,1,3,3,33,15
51,0,9,1,4,0,3,2,0,19847,4,0.10,0.24,4,1,1,5,2,29,11
59,0,18,1,4,0,3,4,0,10512,6,0.12,0.12,3,4,0,6,2,9,5
28,0,1,1,4,0,3,3,0,2154,0,0.04,0.11,3,3,0,2,2,4,0
44,0,4,0,3,0,4,1,0,19190,1,0.05,0.14,3,4,2,4,2,25,14
34,0,11,1,3,0,2,2,1,4490,4,0.15,0.11,3,4,2,5,4,10,1
35,0,6,0,3,0,3,3,1,3506,0,0.03,0.14,3,4,0,3,3,3,2
28,0,2,1,4,0,2,4,1,3867,1,0.07,0.12,3,2,1,2,3,2,2
28,0,1,1,4,0,3,1,0,2080,2,0.11,0.11,3,2,0,2,2,3,1
32,0,8,1,3,0,4,4,1,6209,1,0.06,0.15,3,3,2,4,4,10,0
58,0,23,1,1,0,3,3,0,2372,1,0.03,0.12,3,4,2,3,3,2,2
32,1,7,0,4,0,3,3,1,4883,1,0.06,0.18,3,1,1,3,3,10,1
39,1,23,1,3,0,3,1,0,3904,0,0.03,0.13,3,1,0,2,3,5,0
40,1,25,1,4,0,2,2,0,9094,2,0.08,0.12,3,3,0,2,3,5,1
52,1,5,1,2,0,3,2,0,8446,9,0.19,0.19,3,3,0,2,2,8,7
39,0,18,0,1,0,3,3,0,4534,0,0.03,0.11,3,1,0,6,3,8,1
41,0,10,0,3,0,1,2,0,6151,1,0.05,0.13,3,1,0,4,3,19,11
44,1,3,1,1,0,3,1,1,2362,4,0.11,0.12,3,3,0,4,4,3,1
42,0,2,0,3,0,3,3,1,17861,0,0.02,0.13,3,4,0,3,2,20,2
56,0,8,1,4,0,3,2,0,19717,6,0.13,0.14,3,1,0,4,3,7,7
40,0,16,0,3,0,3,3,0,3544,9,0.25,0.16,3,2,1,0,3,4,0
34,0,9,1,4,0,3,4,0,8500,0,0.03,0.11,3,4,1,0,2,9,1
40,0,2,1,3,0,3,4,0,4661,1,0.05,0.13,3,3,0,4,3,9,8
35,0,4,1,3,0,3,3,0,4249,1,0.06,0.11,3,2,0,3,3,9,1
51,0,5,1,3,0,3,2,0,14026,1,0.04,0.11,3,2,1,2,3,33,0
25,0,19,0,4,0,3,4,1,3669,3,0.16,0.11,3,3,3,6,2,3,1
40,0,1,1,2,0,3,2,1,2387,3,0.10,0.22,4,3,1,3,3,4,0
48,0,4,1,4,0,3,4,0,7898,1,0.04,0.11,3,3,0,2,3,10,0
27,0,2,0,4,0,1,4,0,5071,3,0.15,0.20,4,2,0,3,3,6,0
55,1,13,1,1,0,4,3,0,13695,6,0.13,0.17,3,3,0,2,2,19,3
56,0,23,1,4,0,3,2,1,13402,4,0.09,0.12,3,1,1,0,3,19,15
34,0,29,1,2,0,3,3,1,5429,4,0.15,0.13,3,1,2,1,3,8,7
38,0,7,1,4,0,4,3,0,2610,1,0.05,0.11,3,4,3,2,3,4,0
28,0,26,1,3,0,2,1,1,4724,1,0.07,0.11,3,3,1,0,3,5,0
31,1,22,1,4,0,3,3,1,6179,1,0.06,0.15,3,4,2,3,2,10,6
39,0,21,1,1,0,2,4,1,6120,3,0.10,0.12,3,4,2,2,4,5,1
51,0,2,1,2,0,3,2,1,10596,2,0.06,0.11,3,2,0,5,3,4,3
37,0,4,0,3,0,3,3,1,2996,7,0.22,0.15,3,4,0,2,3,6,1
33,0,5,0,2,0,3,4,1,9998,6,0.21,0.13,3,1,0,2,4,5,1
32,0,2,0,3,0,3,2,1,4078,0,0.03,0.13,3,1,3,3,2,3,1
39,0,25,0,3,0,3,3,1,10920,3,0.10,0.21,4,2,1,2,3,6,0
25,0,18,0,1,0,4,3,1,6232,2,0.12,0.11,3,2,0,3,2,3,1
26,0,2,0,1,0,2,4,0,3904,0,0.04,0.12,3,4,0,2,3,4,1
35,0,18,0,3,0,3,4,0,9362,2,0.09,0.11,3,3,0,2,3,2,2
25,0,1,1,1,0,3,4,1,3229,4,0.20,0.11,3,2,1,2,2,3,0
26,0,7,1,3,0,4,1,0,3578,0,0.04,0.12,3,4,0,2,3,7,0
29,0,17,1,2,0,2,1,0,7988,1,0.07,0.13,3,1,0,3,2,10,0
49,1,28,0,1,0,2,1,0,4284,3,0.08,0.20,4,1,0,2,3,4,1
55,0,1,1,2,0,4,4,0,14732,2,0.05,0.13,3,4,2,4,4,7,0
34,0,1,1,4,0,3,1,0,2996,5,0.18,0.14,3,3,2,2,3,4,1
27,0,11,0,2,0,3,1,1,2099,0,0.04,0.14,3,2,0,3,4,5,1
36,0,4,1,1,0,2,4,0,5810,1,0.06,0.16,3,3,0,2,2,10,1
47,0,1,1,1,0,3,4,1,3420,7,0.17,0.12,3,3,1,2,2,6,1
25,1,9,0,1,0,2,1,1,4400,3,0.16,0.12,3,1,0,2,3,3,2
37,0,5,0,3,0,4,3,0,3500,0,0.03,0.14,3,1,0,2,1,6,1
32,0,7,1,4,0,3,4,1,9204,4,0.16,0.12,3,3,1,3,2,4,0
41,0,5,1,2,0,4,3,1,2127,2,0.07,0.12,3,1,0,5,2,4,0
40,0,9,1,3,0,3,3,0,3975,3,0.10,0.11,3,3,2,2,4,8,0
31,0,8,0,1,0,3,4,0,10793,1,0.06,0.18,3,1,1,5,3,13,9
46,1,9,1,1,0,3,4,0,10096,4,0.11,0.11,3,1,1,1,4,7,4
45,0,20,1,2,0,1,1,0,10851,2,0.07,0.18,3,2,1,2,3,7,0
31,1,2,1,2,0,3,4,1,3722,6,0.23,0.13,3,3,1,2,1,2,2
45,0,29,1,2,0,3,4,1,9380,4,0.11,0.18,3,4,2,4,4,3,1
48,0,7,1,3,0,3,1,0,5486,4,0.10,0.11,3,1,3,3,3,2,2
40,0,8,0,4,0,2,2,0,13757,2,0.08,0.11,3,3,1,5,3,9,4
28,0,5,1,4,0,3,1,0,8463,0,0.04,0.18,3,4,0,4,3,5,1
44,0,5,1,3,0,2,3,0,3162,3,0.09,0.14,3,4,0,5,3,5,0
53,0,2,1,4,0,4,2,0,16598,4,0.09,0.12,3,2,0,2,2,9,8
49,0,5,1,1,0,3,3,1,6651,2,0.06,0.14,3,2,1,0,2,3,1
40,0,2,1,3,0,3,3,0,2345,2,0.08,0.14,3,3,1,3,4,3,1
44,0,20,1,4,0,3,2,0,3420,1,0.05,0.13,3,3,0,3,2,5,1
33,0,7,1,4,0,3,1,1,4373,0,0.03,0.14,3,1,2,2,3,4,0
34,0,3,1,4,0,1,1,0,4759,3,0.12,0.18,3,4,0,2,3,13,3
30,0,16,0,4,0,3,3,1,5301,8,0.30,0.15,3,3,2,2,2,2,2
30,0,7,1,3,0,3,3,0,1274,1,0.07,0.13,3,2,2,2,2,1,0
57,0,1,0,2,0,4,3,1,4900,0,0.02,0.24,4,1,1,2,2,12,2
49,0,7,1,3,0,3,2,0,10466,3,0.08,0.14,3,2,2,3,3,8,0
34,0,15,1,2,0,3,1,0,17007,7,0.24,0.14,3,4,2,3,2,14,6
28,1,1,1,1,0,3,3,1,2909,3,0.14,0.15,3,4,1,3,4,3,1
35,0,7,0,4,0,3,3,1,2404,1,0.06,0.13,3,1,1,3,3,1,0
24,1,9,1,2,0,3,1,0,3172,2,0.13,0.11,3,3,0,2,2,0,0
44,0,2,0,2,0,3,3,0,10209,5,0.14,0.18,3,2,0,2,2,2,2
29,0,19,1,3,0,2,3,0,8620,1,0.07,0.14,3,3,2,3,3,10,0
30,0,1,1,3,0,3,3,0,2064,0,0.03,0.21,4,1,1,3,4,5,1
55,0,4,1,4,0,3,3,1,4035,0,0.02,0.16,3,2,0,2,3,3,1
28,1,2,0,3,0,2,1,0,2561,7,0.29,0.11,3,3,0,2,2,0,0
28,0,1,1,1,0,2,3,0,1563,1,0.07,0.14,3,4,1,2,1,1,0
28,0,7,1,3,0,3,1,0,4898,0,0.04,0.14,3,4,0,5,3,4,1
28,0,29,0,3,0,1,2,1,6549,1,0.07,0.14,3,2,2,2,2,8,1
33,0,8,1,4,0,3,3,0,6388,2,0.09,0.17,3,1,0,6,3,0,0
32,0,10,1,3,0,3,4,0,11244,2,0.09,0.25,4,2,0,5,4,5,0
29,1,1,1,1,0,2,1,0,2362,6,0.24,0.13,3,3,0,2,1,9,0
44,0,28,1,4,0,3,1,1,16328,3,0.09,0.13,3,3,1,1,4,20,14
23,0,20,0,1,0,3,3,0,2272,0,0.04,0.14,3,2,0,2,3,4,1
40,1,9,1,4,0,3,1,0,2018,3,0.10,0.14,3,2,0,3,1,5,1
34,0,1,1,4,0,2,3,1,7083,1,0.06,0.14,3,4,0,3,3,10,8
50,0,22,1,3,0,1,4,0,14411,1,0.04,0.13,3,4,0,2,3,32,13
34,0,7,0,2,0,3,3,1,2308,0,0.03,0.25,4,2,1,4,3,11,5
42,0,2,1,3,0,2,2,1,4841,4,0.12,0.14,3,2,1,3,3,1,0
37,0,13,1,1,0,3,4,1,4285,1,0.05,0.17,3,1,0,2,3,10,3
33,0,25,1,4,0,2,2,0,4320,1,0.06,0.13,3,4,0,2,3,5,0
45,0,28,1,4,0,3,4,1,2132,4,0.11,0.20,4,4,1,3,3,5,0
42,0,2,1,4,0,3,4,1,10124,2,0.07,0.14,3,3,1,3,1,20,13
40,0,9,0,1,0,3,1,1,5473,0,0.03,0.12,3,4,0,5,4,8,7
33,0,28,1,2,0,3,3,1,5207,1,0.06,0.12,3,2,1,3,3,15,5
40,0,6,0,3,0,3,4,0,16437,1,0.05,0.21,4,4,0,2,3,21,7
24,0,21,0,3,0,2,1,0,2296,0,0.04,0.14,3,2,3,3,3,1,0
40,0,8,0,4,0,3,4,0,4069,3,0.10,0.18,3,3,0,2,3,2,2
45,0,1,1,1,0,3,2,0,7441,1,0.04,0.12,3,1,3,4,3,10,7
36,0,2,1,3,0,3,4,0,2644,3,0.11,0.21,4,4,0,3,2,3,1
29,0,9,1,3,0,4,3,1,2451,6,0.24,0.18,3,1,2,2,2,1,0
33,0,8,1,1,0,3,1,1,6392,2,0.09,0.13,3,4,1,6,1,2,2
30,1,1,1,2,0,2,1,1,9714,1,0.07,0.11,3,4,1,4,3,10,6
38,0,10,1,3,0,3,3,1,6077,3,0.11,0.11,3,3,0,2,3,6,1
35,0,1,1,4,0,2,1,0,2450,1,0.06,0.19,3,2,0,3,3,3,1
30,0,29,1,3,0,3,2,1,9250,3,0.13,0.12,3,2,1,3,3,4,1
38,1,2,1,3,0,3,2,1,4855,4,0.13,0.11,3,1,2,2,3,5,1
32,0,1,1,4,0,3,1,1,4087,4,0.16,0.14,3,2,1,3,2,6,1
34,0,7,1,1,0,3,4,0,2972,1,0.06,0.13,3,3,0,4,1,1,0
55,0,26,1,3,0,2,4,1,19586,1,0.04,0.21,4,3,1,3,3,36,2
34,0,1,1,2,0,3,4,1,5484,9,0.29,0.17,3,2,1,3,2,2,2
38,0,14,1,3,0,3,2,1,9924,0,0.03,0.11,3,4,1,3,3,9,7
29,0,3,0,2,0,3,1,0,4723,1,0.07,0.18,3,4,0,3,3,10,1
39,0,6,1,4,0,4,3,1,8237,2,0.08,0.11,3,1,1,3,3,7,7
29,0,2,0,1,0,3,4,0,8853,1,0.07,0.19,3,4,1,0,4,6,1
50,0,9,1,3,0,3,3,1,19331,4,0.10,0.16,3,3,1,2,3,1,0
23,0,10,1,4,0,4,3,1,2073,2,0.13,0.16,3,4,1,2,3,2,2
36,0,6,1,1,0,4,1,1,5562,3,0.11,0.13,3,4,1,3,3,3,0
42,0,9,0,4,0,2,4,0,19613,8,0.21,0.22,4,4,0,2,3,1,0
35,0,28,1,2,0,4,3,1,3407,1,0.06,0.17,3,4,2,3,2,10,6
34,0,10,1,4,0,2,3,1,5063,1,0.06,0.14,3,2,1,3,2,8,7
43,0,27,1,4,0,4,2,0,4876,5,0.14,0.12,3,3,1,0,3,6,0
35,0,7,0,3,0,2,4,1,2690,1,0.06,0.18,3,4,1,5,2,1,0
46,0,1,1,4,0,4,1,0,17567,1,0.04,0.15,3,2,0,5,1,26,0
28,1,24,1,3,0,3,2,1,2408,1,0.07,0.17,3,3,3,3,3,1,0
50,0,20,1,2,0,3,3,1,11245,2,0.06,0.15,3,3,1,3,3,30,12
30,0,7,1,2,0,2,2,1,2141,1,0.07,0.12,3,2,1,3,2,6,1
45,0,26,1,1,0,2,1,1,4385,1,0.04,0.15,3,1,1,2,3,10,4
31,0,2,1,4,0,3,1,0,5332,7,0.26,0.13,3,4,0,3,3,5,0
34,0,10,1,3,0,4,4,0,4724,1,0.06,0.13,3,1,1,3,3,9,7
39,0,10,1,2,0,3,1,1,5377,2,0.08,0.13,3,4,3,3,3,7,7
27,0,19,1,4,0,2,1,0,4066,1,0.07,0.11,3,1,2,3,3,7,0
35,0,18,1,2,0,4,1,1,5208,1,0.06,0.11,3,4,0,2,3,16,1
21,0,5,0,3,0,3,4,0,3117,1,0.10,0.18,3,3,0,2,3,2,2
39,0,3,0,3,0,2,3,0,3069,0,0.03,0.15,3,4,1,3,3,10,0
37,0,19,1,3,0,3,3,1,5768,3,0.11,0.17,3,1,3,2,2,4,0
35,1,10,1,4,0,2,1,1,10306,9,0.29,0.17,3,3,0,3,3,13,6
44,0,1,1,1,0,3,4,1,5743,4,0.11,0.11,3,3,0,3,3,10,0
48,0,4,1,3,0,2,4,1,15202,2,0.06,0.25,4,2,1,3,3,2,2
35,1,15,0,1,0,1,4,0,5440,6,0.20,0.14,3,4,2,2,2,2,2
27,0,2,1,4,0,3,4,0,2580,2,0.11,0.13,3,3,0,0,2,4,1
40,1,7,1,1,0,3,1,0,2166,3,0.10,0.14,3,2,0,3,1,4,0
29,0,10,1,3,0,2,3,0,5869,9,0.34,0.11,3,3,0,2,3,5,1
25,0,2,0,4,0,4,3,0,5206,1,0.08,0.17,3,3,2,6,3,7,0
39,0,12,1,4,0,3,2,1,5295,4,0.13,0.21,4,3,0,3,3,5,1
36,0,7,1,1,0,3,2,0,2013,2,0.08,0.11,3,3,0,4,3,4,1
36,0,3,0,4,0,4,1,0,6842,6,0.19,0.20,4,1,1,3,3,5,0
43,0,15,0,3,0,2,3,1,17603,1,0.05,0.24,4,1,1,3,3,14,6
35,1,12,1,4,0,3,4,0,4581,3,0.11,0.24,4,1,0,2,4,11,6
38,0,1,1,4,0,3,4,1,4735,7,0.21,0.15,3,4,2,4,4,13,2
29,0,5,1,1,0,2,2,0,4187,1,0.07,0.13,3,2,1,3,2,10,0
33,0,2,1,4,0,3,4,0,5505,1,0.06,0.14,3,3,2,5,3,6,0
32,0,2,1,4,0,3,2,0,5470,0,0.03,0.13,3,3,2,4,2,9,1
49,0,1,1,3,0,3,3,0,15379,4,0.10,0.14,3,1,0,2,3,8,0
41,0,23,0,4,0,3,3,0,7082,3,0.10,0.16,3,4,0,2,3,2,0
20,0,9,0,4,0,3,1,0,2728,1,0.10,0.11,3,1,0,3,3,2,0
36,0,26,1,1,0,3,3,1,5347,6,0.19,0.14,3,2,2,2,2,3,0
23,1,8,0,4,0,2,3,0,3989,1,0.09,0.11,3,1,0,2,3,5,1
53,0,24,1,2,0,4,4,1,7005,3,0.08,0.15,3,3,0,2,3,4,1
32,1,2,1,4,0,3,2,0,1393,1,0.06,0.12,3,1,0,2,3,1,0
26,0,7,1,4,0,3,4,0,2570,1,0.08,0.20,4,3,0,5,3,7,5
55,0,22,1,1,0,2,2,0,3537,5,0.11,0.12,3,4,1,1,3,4,1
34,0,5,0,2,0,2,4,1,3986,1,0.06,0.14,3,3,1,3,4,15,4
60,0,1,1,3,0,1,4,0,10883,3,0.07,0.20,4,3,1,2,4,1,0
33,0,21,1,2,0,4,2,1,2028,1,0.06,0.18,3,4,3,6,3,14,2
37,0,1,1,3,0,1,4,0,9525,1,0.05,0.14,3,3,2,2,2,6,1
23,1,7,1,3,0,3,4,0,2275,1,0.09,0.21,4,2,1,2,3,3,0
35,0,2,1,1,0,2,4,0,4930,0,0.03,0.14,3,3,0,2,4,5,1
43,0,2,1,4,0,3,4,1,7847,1,0.05,0.17,3,1,1,3,3,10,8
24,0,9,1,3,0,4,3,1,4401,1,0.08,0.16,3,4,1,1,3,5,0
41,0,6,1,4,0,3,3,0,9241,1,0.05,0.12,3,2,0,3,3,10,8
45,0,1,0,3,0,2,3,1,10748,3,0.09,0.23,4,4,1,3,2,23,14
24,1,22,0,4,0,1,3,1,1555,1,0.08,0.11,3,3,1,2,3,1,0
47,1,9,1,3,0,1,3,1,12936,7,0.17,0.11,3,3,0,3,1,23,14
26,0,17,1,4,0,1,3,1,2305,1,0.08,0.15,3,3,3,3,4,3,0
32,0,10,1,1,0,3,3,1,3433,6,0.22,0.13,3,1,1,3,2,5,1
31,0,2,1,2,0,3,3,1,3477,1,0.06,0.14,3,4,1,2,4,5,0
41,0,4,1,3,0,1,2,1,6430,6,0.17,0.19,3,2,1,4,3,3,1
24,0,29,0,2,0,3,1,0,3907,1,0.08,0.13,3,2,3,2,4,6,1
46,0,13,1,3,0,3,2,0,5562,6,0.15,0.14,3,4,0,3,3,10,0
35,0,27,1,4,0,3,3,1,6883,2,0.09,0.16,3,2,1,3,3,7,0
30,0,16,0,2,0,3,4,1,2862,1,0.07,0.12,3,2,1,2,2,10,0
47,0,2,1,3,0,3,2,1,4978,7,0.17,0.11,3,4,1,3,1,1,0
46,0,2,1,3,0,3,4,0,10368,4,0.11,0.12,3,2,1,5,2,10,0
36,1,13,1,2,0,2,1,0,6134,5,0.17,0.13,3,2,3,3,3,2,2
32,1,1,0,1,0,1,2,0,6735,6,0.22,0.15,3,2,0,2,3,0,0
39,0,1,1,4,0,3,4,1,6472,1,0.05,0.15,3,4,1,2,3,9,5
32,0,19,1,4,0,1,3,1,9610,3,0.13,0.13,3,3,1,2,1,4,0
40,0,7,1,2,0,3,2,0,19833,1,0.05,0.14,3,2,0,3,2,21,12
24,0,10,1,1,0,3,4,1,2145,0,0.04,0.14,3,4,1,2,3,2,2
31,0,5,1,1,0,3,3,1,8346,1,0.06,0.19,3,3,1,3,3,5,0
29,0,1,1,4,0,4,3,0,6294,8,0.31,0.12,3,4,0,5,4,3,0
30,0,15,0,3,0,2,1,0,7140,2,0.10,0.11,3,1,1,2,3,7,1
34,0,2,1,4,0,4,4,1,2932,0,0.03,0.14,3,1,3,3,3,5,1
31,1,16,1,1,0,3,3,1,8161,2,0.10,0.13,3,1,3,2,3,1,0
30,0,16,1,3,0,4,3,1,5294,3,0.13,0.16,3,3,1,3,3,7,1
32,0,5,1,2,0,3,2,0,2718,2,0.09,0.14,3,2,0,3,3,7,0
38,0,18,1,2,0,1,4,1,5811,3,0.11,0.16,3,3,1,2,3,1,1
43,1,17,1,3,0,2,3,1,2437,9,0.23,0.16,3,4,1,4,3,1,0
42,0,12,1,2,0,3,2,0,2766,8,0.21,0.22,4,2,3,6,2,5,0
55,0,2,1,3,0,2,1,1,19038,8,0.16,0.12,3,2,3,2,3,1,0
33,0,4,1,4,0,3,2,0,3055,5,0.18,0.15,3,4,2,2,2,9,1
41,0,9,1,3,0,3,1,0,2289,1,0.05,0.20,4,2,2,2,3,5,0
34,0,10,1,4,0,3,3,0,4001,1,0.06,0.14,3,3,1,3,3,15,0
43,0,2,1,2,0,3,4,0,3539,0,0.02,0.13,3,2,0,5,3,9,1
21,1,7,0,2,0,3,2,0,2679,1,0.10,0.13,3,2,0,3,3,1,1
37,0,9,0,2,0,2,2,1,4189,1,0.05,0.14,3,1,2,2,3,5,0
46,0,2,1,3,0,3,4,0,19328,7,0.17,0.17,3,3,1,3,3,2,2
36,0,10,1,4,0,3,1,1,8321,7,0.22,0.13,3,4,1,1,3,12,5
44,1,1,0,3,0,3,2,0,2342,1,0.05,0.12,3,3,3,2,2,5,2
37,0,8,0,3,0,3,2,0,4071,2,0.08,0.13,3,3,0,4,2,10,4
35,1,27,1,3,0,3,4,0,5813,1,0.06,0.18,3,4,0,2,3,10,7
33,0,8,1,4,0,4,1,1,3143,6,0.21,0.19,3,2,1,1,3,10,7
28,0,1,1,3,0,3,4,1,2044,1,0.07,0.11,3,3,1,6,4,5,0
39,0,10,0,3,0,3,3,0,13464,7,0.21,0.21,4,3,0,3,3,4,2
46,0,26,0,2,0,2,2,0,7991,8,0.20,0.15,3,3,0,3,3,2,2
42,0,13,1,2,0,4,1,1,5538,5,0.14,0.18,3,3,2,2,2,0,0
35,0,2,0,2,0,3,4,0,5762,2,0.09,0.14,3,3,1,6,3,7,1
38,0,2,1,1,0,3,2,0,2592,5,0.16,0.13,3,4,3,3,3,11,3
34,1,9,1,4,0,3,1,1,5346,4,0.15,0.17,3,3,1,3,2,7,0
37,1,10,1,4,0,3,1,0,4213,1,0.05,0.15,3,2,0,4,1,10,0
39,0,20,1,3,0,3,4,0,4127,2,0.08,0.18,3,4,1,6,3,2,2
43,0,9,1,1,0,3,3,0,2438,4,0.12,0.13,3,3,0,2,2,3,1
41,0,5,1,2,0,4,2,0,6870,3,0.10,0.12,3,1,0,3,1,3,1
34,0,8,0,2,0,4,3,1,6799,1,0.06,0.21,4,3,2,5,3,10,4
58,0,2,1,2,0,3,2,0,16291,4,0.09,0.22,4,4,1,0,2,16,14
35,0,23,1,2,0,1,3,1,2705,0,0.03,0.16,3,2,1,2,4,5,0
26,0,10,1,3,0,3,4,0,4684,1,0.08,0.13,3,1,0,4,3,5,1
58,0,15,1,1,0,3,3,1,15787,2,0.05,0.14,3,2,0,3,3,2,2
31,1,18,1,4,0,4,1,1,2956,0,0.03,0.17,3,3,0,4,3,1,0
29,1,13,1,1,0,2,1,0,2335,4,0.17,0.15,3,4,3,3,3,2,2
43,0,2,1,1,0,3,4,1,5675,1,0.05,0.20,4,3,1,5,3,7,7
29,0,20,0,4,0,3,4,1,3812,1,0.07,0.13,3,2,0,3,4,11,3
32,0,10,1,4,0,3,4,0,4648,8,0.28,0.13,3,3,0,2,4,0,0
42,0,10,1,3,0,3,3,1,2936,3,0.10,0.22,4,2,2,1,2,6,3
46,0,2,0,4,0,3,4,0,8578,3,0.09,0.14,3,3,1,4,2,9,4
28,0,1,0,3,0,3,4,0,2706,1,0.07,0.15,3,2,1,2,3,3,2
29,0,29,0,4,0,1,3,0,6384,8,0.31,0.17,3,4,2,3,3,7,1
42,0,8,1,4,0,3,3,0,3968,4,0.12,0.13,3,4,0,3,3,0,0
32,1,2,1,3,0,2,2,0,9907,7,0.25,0.12,3,3,0,3,2,2,2
29,0,6,0,4,0,2,2,1,2804,1,0.07,0.11,3,4,0,3,3,1,0
48,0,10,1,4,0,2,2,1,19665,4,0.10,0.12,3,4,0,3,3,22,12
29,1,24,0,4,0,2,4,0,2439,1,0.07,0.24,4,2,0,3,2,1,1
39,0,19,1,4,0,3,4,0,3902,8,0.23,0.14,3,2,3,2,3,2,2
55,0,2,1,2,0,2,4,1,2662,8,0.16,0.20,4,2,1,2,4,5,0
30,1,9,1,2,0,3,4,0,1081,1,0.07,0.13,3,3,0,3,2,1,0
22,1,7,0,4,0,3,2,0,2472,1,0.09,0.23,4,1,0,2,3,1,0
31,0,20,1,2,0,3,3,0,4197,1,0.06,0.11,3,1,1,2,3,10,0
34,0,4,1,3,0,3,4,1,9713,2,0.09,0.13,3,4,3,3,3,5,1
29,0,7,1,4,0,3,1,0,2062,3,0.14,0.14,3,2,0,2,3,3,1
37,0,7,1,4,0,3,1,1,4284,5,0.16,0.22,4,3,1,2,3,5,0
36,0,2,0,2,0,2,4,0,3886,1,0.06,0.21,4,4,0,2,2,10,0
40,0,1,1,1,0,3,1,0,16823,2,0.08,0.11,3,1,1,3,3,19,11
44,0,1,1,2,0,4,1,1,5033,2,0.07,0.15,3,4,1,5,3,2,2
34,1,16,1,4,0,1,1,1,2307,1,0.06,0.23,4,2,1,2,3,5,3
56,1,24,0,1,0,3,4,0,2587,1,0.04,0.16,3,4,0,3,3,4,1
36,0,17,0,3,0,2,2,1,5507,2,0.08,0.16,3,3,2,1,1,4,1
42,0,6,1,3,0,3,1,1,13348,9,0.24,0.13,3,2,1,3,4,13,5
26,0,6,1,3,0,4,4,1,2544,0,0.04,0.18,3,1,1,3,3,7,7
45,0,1,1,2,0,3,3,0,5399,4,0.11,0.12,3,3,0,3,3,4,0
33,0,10,1,2,0,3,3,0,5487,1,0.06,0.14,3,2,0,2,2,10,0
28,0,1,0,3,0,2,4,1,6834,1,0.07,0.12,3,3,1,2,3,7,0
29,1,24,1,3,0,4,1,0,1091,1,0.07,0.17,3,4,0,3,3,1,0
27,0,2,1,2,0,3,2,1,2226,1,0.07,0.11,3,3,1,3,2,5,1
34,0,22,1,3,0,2,4,1,5747,1,0.06,0.15,3,2,0,3,3,15,6
47,0,14,1,3,0,3,2,1,5467,8,0.19,0.18,3,3,1,4,4,8,1
39,0,9,0,1,0,3,1,1,5151,1,0.05,0.25,4,4,1,3,3,10,7
38,0,9,0,2,0,3,4,0,4771,2,0.08,0.19,3,4,2,0,4,5,0
49,0,2,0,2,0,3,4,1,19161,3,0.08,0.15,3,4,0,3,3,5,4
42,0,12,1,2,0,3,4,0,5087,3,0.10,0.12,3,3,2,4,3,0,0
35,0,18,1,2,0,3,1,1,5561,0,0.03,0.16,3,4,1,2,1,5,0
28,0,16,1,3,0,3,3,0,2144,1,0.07,0.14,3,3,0,3,2,5,1
31,0,3,0,3,0,3,1,0,3065,1,0.06,0.13,3,4,1,3,4,4,2
36,0,9,1,1,0,4,2,1,2810,1,0.06,0.22,4,2,0,3,3,5,0
34,0,1,1,1,0,3,4,0,9888,1,0.06,0.21,4,1,0,3,2,14,2
34,0,13,1,4,0,3,3,0,8628,1,0.06,0.18,3,3,1,2,2,8,1
26,0,1,1,3,0,3,1,0,2867,0,0.04,0.13,3,4,0,6,2,7,7
29,0,1,1,1,0,3,1,1,5373,0,0.03,0.12,3,1,1,5,2,5,0
31,0,1,1,4,0,1,1,1,5003,1,0.06,0.21,4,2,0,6,3,10,8
28,1,17,1,3,0,2,4,0,2367,5,0.21,0.12,3,1,1,2,2,4,0
38,0,1,1,1,0,2,1,0,2858,4,0.13,0.14,3,1,0,3,2,1,0
27,0,9,1,4,0,3,4,0,4105,1,0.07,0.14,3,1,0,5,3,7,0
32,0,5,1,4,0,2,4,0,9679,8,0.28,0.24,4,2,0,1,3,1,0
31,1,26,1,1,0,3,4,1,5617,1,0.06,0.11,3,3,0,4,3,10,0
53,1,24,1,1,0,3,1,0,10448,6,0.13,0.13,3,2,0,2,2,2,2
33,0,7,0,4,0,3,3,0,5968,1,0.06,0.20,4,3,3,2,3,9,2
43,0,11,1,1,0,3,3,1,7510,1,0.05,0.17,3,2,1,1,3,10,0
38,0,1,1,4,0,3,2,1,2991,0,0.03,0.11,3,2,1,2,3,6,1
55,0,26,1,3,0,4,2,1,19636,4,0.09,0.18,3,1,1,0,3,10,1
39,0,15,1,2,0,3,1,0,13341,0,0.03,0.12,3,1,0,3,3,20,11
42,0,23,0,4,0,2,3,0,4332,1,0.05,0.12,3,4,0,2,3,20,3
24,0,1,0,2,0,2,3,0,4617,1,0.08,0.12,3,2,0,2,2,4,1
23,0,12,0,4,0,3,4,0,2647,1,0.09,0.13,3,3,0,6,4,5,1
30,0,1,0,4,0,3,2,1,3748,1,0.07,0.13,3,3,0,6,2,12,1
25,0,2,0,4,0,3,3,0,3977,6,0.28,0.19,3,3,1,2,2,2,0
47,0,25,1,1,0,3,3,0,8633,2,0.06,0.23,4,2,0,3,3,17,12
33,0,1,0,2,0,2,3,0,2008,1,0.06,0.12,3,3,3,2,2,1,0
38,0,1,1,4,0,3,2,1,4440,0,0.03,0.15,3,1,2,3,3,15,5
31,0,2,0,1,0,3,3,1,3067,0,0.03,0.19,3,3,1,1,3,2,1
38,0,6,1,1,0,2,3,1,5321,2,0.08,0.11,3,4,1,1,3,8,7
42,0,18,1,4,0,3,1,0,5410,6,0.17,0.17,3,3,1,3,2,4,1
41,0,1,1,4,0,3,4,1,2782,3,0.10,0.22,4,1,1,3,3,5,1
35,0,11,1,4,0,3,3,1,2660,7,0.23,0.11,3,3,1,3,3,2,2
22,0,1,0,4,0,3,3,0,3375,0,0.05,0.12,3,4,0,2,4,3,1
35,0,9,1,2,0,3,3,0,5098,1,0.06,0.19,3,2,0,5,3,10,0
40,0,1,1,1,0,3,4,1,2406,8,0.23,0.19,3,3,2,3,2,1,0
32,0,1,1,2,0,2,2,1,2269,0,0.03,0.14,3,2,1,2,3,2,2
39,0,24,0,1,0,3,4,0,4108,7,0.21,0.13,3,1,0,2,3,7,1
52,0,29,1,1,0,3,4,0,3482,2,0.06,0.15,3,2,2,3,2,9,0
44,0,1,1,2,0,3,4,0,2436,6,0.16,0.12,3,3,0,2,3,4,1
21,0,5,0,3,0,3,1,0,2380,1,0.10,0.11,3,4,0,6,3,2,1
39,0,9,1,4,0,3,4,0,19431,2,0.08,0.13,3,3,0,3,2,6,1
23,1,9,1,4,0,3,1,1,1790,1,0.09,0.19,3,1,1,3,2,1,1
56,0,1,1,3,0,3,3,0,6306,1,0.04,0.21,4,1,1,2,2,13,1
29,1,1,1,1,0,3,4,1,4787,9,0.34,0.14,3,2,3,3,4,2,2
42,0,2,1,1,0,3,3,1,18880,5,0.14,0.11,3,1,0,2,2,22,4
56,1,7,0,4,0,3,3,1,2339,8,0.16,0.11,3,4,1,4,1,10,9
36,0,15,1,4,0,1,4,0,5406,1,0.06,0.24,4,1,1,4,2,15,11
41,0,3,1,3,0,2,2,0,8938,2,0.07,0.11,3,3,1,5,3,5,0
32,0,2,1,4,0,3,1,0,2439,1,0.06,0.14,3,4,0,4,3,4,1
50,1,1,1,2,0,3,3,0,6728,7,0.16,0.12,3,4,2,3,3,6,0
40,0,2,1,3,0,2,3,0,2809,2,0.08,0.14,3,4,0,2,3,2,2
35,0,18,1,3,0,3,3,1,5689,1,0.06,0.14,3,4,2,2,4,10,0
29,0,13,0,4,0,2,2,1,4025,4,0.17,0.13,3,1,1,2,3,4,0
50,1,28,1,4,0,2,1,0,10854,4,0.10,0.13,3,2,1,3,3,3,2
31,0,5,1,2,0,3,1,0,9936,0,0.03,0.19,3,2,0,2,3,9,1
36,0,23,0,3,0,4,4,1,2571,4,0.14,0.17,3,3,1,3,3,5,0
39,0,6,0,4,0,2,1,1,9991,4,0.13,0.15,3,1,1,5,3,7,1
27,0,4,1,2,0,4,2,1,6142,1,0.07,0.20,4,2,1,0,3,6,0
49,0,2,1,4,0,2,2,1,5390,2,0.06,0.14,3,4,0,3,2,9,0
34,0,8,1,2,0,4,3,1,4404,2,0.09,0.12,3,1,0,3,4,4,1
